,screen_name,lang,created_at,fav_count,retweet_count,text,location
0,smilesugie,in,10/2/2020 23:46,0,71,"RT @narkosun: Buya????? ğŸ˜‚ğŸ˜‚ğŸ˜‚ğŸ˜‚

Oh dia pendukung Akhyar calon walikota Medan. Ya sudah klo gitu saya dukung Boby Aulia. Pokoknya yg berseberaâ€¦",Indonesia
1,dimasrahmat9,in,10/2/2020 23:34,0,71,"RT @narkosun: Buya????? ğŸ˜‚ğŸ˜‚ğŸ˜‚ğŸ˜‚

Oh dia pendukung Akhyar calon walikota Medan. Ya sudah klo gitu saya dukung Boby Aulia. Pokoknya yg berseberaâ€¦",
2,ninozuke,in,10/2/2020 23:32,0,71,"RT @narkosun: Buya????? ğŸ˜‚ğŸ˜‚ğŸ˜‚ğŸ˜‚

Oh dia pendukung Akhyar calon walikota Medan. Ya sudah klo gitu saya dukung Boby Aulia. Pokoknya yg berseberaâ€¦",
3,hgberry,in,10/2/2020 23:17,0,71,"RT @narkosun: Buya????? ğŸ˜‚ğŸ˜‚ğŸ˜‚ğŸ˜‚

Oh dia pendukung Akhyar calon walikota Medan. Ya sudah klo gitu saya dukung Boby Aulia. Pokoknya yg berseberaâ€¦",
4,Isni_J_Embut,in,10/2/2020 23:10,0,71,"RT @narkosun: Buya????? ğŸ˜‚ğŸ˜‚ğŸ˜‚ğŸ˜‚

Oh dia pendukung Akhyar calon walikota Medan. Ya sudah klo gitu saya dukung Boby Aulia. Pokoknya yg berseberaâ€¦",
5,ManaoFlorius,in,10/2/2020 22:14,0,71,"RT @narkosun: Buya????? ğŸ˜‚ğŸ˜‚ğŸ˜‚ğŸ˜‚

Oh dia pendukung Akhyar calon walikota Medan. Ya sudah klo gitu saya dukung Boby Aulia. Pokoknya yg berseberaâ€¦","Teluk Dalam, Indonesia"
6,kal_wew,in,10/2/2020 22:13,0,71,"RT @narkosun: Buya????? ğŸ˜‚ğŸ˜‚ğŸ˜‚ğŸ˜‚

Oh dia pendukung Akhyar calon walikota Medan. Ya sudah klo gitu saya dukung Boby Aulia. Pokoknya yg berseberaâ€¦",lare Gunung lare Kemaki ğŸ’¯%
7,zefry1974,in,10/2/2020 22:06,0,71,"RT @narkosun: Buya????? ğŸ˜‚ğŸ˜‚ğŸ˜‚ğŸ˜‚

Oh dia pendukung Akhyar calon walikota Medan. Ya sudah klo gitu saya dukung Boby Aulia. Pokoknya yg berseberaâ€¦",tangerang
8,Khoir_Muhammad,in,10/2/2020 21:57,0,71,"RT @narkosun: Buya????? ğŸ˜‚ğŸ˜‚ğŸ˜‚ğŸ˜‚

Oh dia pendukung Akhyar calon walikota Medan. Ya sudah klo gitu saya dukung Boby Aulia. Pokoknya yg berseberaâ€¦",Indonesia
9,LRahmadsyahJ2P,in,10/2/2020 21:38,0,71,"RT @narkosun: Buya????? ğŸ˜‚ğŸ˜‚ğŸ˜‚ğŸ˜‚

Oh dia pendukung Akhyar calon walikota Medan. Ya sudah klo gitu saya dukung Boby Aulia. Pokoknya yg berseberaâ€¦","Tangerang, Indonesia"
10,romadistabat,in,10/2/2020 21:14,0,71,"RT @narkosun: Buya????? ğŸ˜‚ğŸ˜‚ğŸ˜‚ğŸ˜‚

Oh dia pendukung Akhyar calon walikota Medan. Ya sudah klo gitu saya dukung Boby Aulia. Pokoknya yg berseberaâ€¦",Indonesia
11,jon_ketek,in,10/2/2020 20:52,0,71,"RT @narkosun: Buya????? ğŸ˜‚ğŸ˜‚ğŸ˜‚ğŸ˜‚

Oh dia pendukung Akhyar calon walikota Medan. Ya sudah klo gitu saya dukung Boby Aulia. Pokoknya yg berseberaâ€¦",
12,marojahanpanja2,in,10/2/2020 20:39,0,71,"RT @narkosun: Buya????? ğŸ˜‚ğŸ˜‚ğŸ˜‚ğŸ˜‚

Oh dia pendukung Akhyar calon walikota Medan. Ya sudah klo gitu saya dukung Boby Aulia. Pokoknya yg berseberaâ€¦",
13,77bayoe,in,10/2/2020 19:26,0,71,"RT @narkosun: Buya????? ğŸ˜‚ğŸ˜‚ğŸ˜‚ğŸ˜‚

Oh dia pendukung Akhyar calon walikota Medan. Ya sudah klo gitu saya dukung Boby Aulia. Pokoknya yg berseberaâ€¦",Jakarta Capital Region
14,agnizar4,in,10/2/2020 18:54,0,71,"RT @narkosun: Buya????? ğŸ˜‚ğŸ˜‚ğŸ˜‚ğŸ˜‚

Oh dia pendukung Akhyar calon walikota Medan. Ya sudah klo gitu saya dukung Boby Aulia. Pokoknya yg berseberaâ€¦","Tulungagung, Indonesia"
15,Quartor4,in,10/2/2020 18:33,0,71,"RT @narkosun: Buya????? ğŸ˜‚ğŸ˜‚ğŸ˜‚ğŸ˜‚

Oh dia pendukung Akhyar calon walikota Medan. Ya sudah klo gitu saya dukung Boby Aulia. Pokoknya yg berseberaâ€¦",Lampung
16,govindatayataya,in,10/2/2020 18:20,0,71,"RT @narkosun: Buya????? ğŸ˜‚ğŸ˜‚ğŸ˜‚ğŸ˜‚

Oh dia pendukung Akhyar calon walikota Medan. Ya sudah klo gitu saya dukung Boby Aulia. Pokoknya yg berseberaâ€¦","Jakarta Capital Region, Indone"
17,itokomar,in,10/2/2020 17:20,0,71,"RT @narkosun: Buya????? ğŸ˜‚ğŸ˜‚ğŸ˜‚ğŸ˜‚

Oh dia pendukung Akhyar calon walikota Medan. Ya sudah klo gitu saya dukung Boby Aulia. Pokoknya yg berseberaâ€¦",Indonesia bagian barat
18,Back_cool_Tempe,in,10/2/2020 16:59,0,71,"RT @narkosun: Buya????? ğŸ˜‚ğŸ˜‚ğŸ˜‚ğŸ˜‚

Oh dia pendukung Akhyar calon walikota Medan. Ya sudah klo gitu saya dukung Boby Aulia. Pokoknya yg berseberaâ€¦",Tegal
19,i_Pras,in,10/2/2020 16:59,0,71,"RT @narkosun: Buya????? ğŸ˜‚ğŸ˜‚ğŸ˜‚ğŸ˜‚

Oh dia pendukung Akhyar calon walikota Medan. Ya sudah klo gitu saya dukung Boby Aulia. Pokoknya yg berseberaâ€¦","ÃœT: -5.34434,104.98631"
20,ayassipenk1,in,10/2/2020 16:47,0,71,"RT @narkosun: Buya????? ğŸ˜‚ğŸ˜‚ğŸ˜‚ğŸ˜‚

Oh dia pendukung Akhyar calon walikota Medan. Ya sudah klo gitu saya dukung Boby Aulia. Pokoknya yg berseberaâ€¦",java
21,kondekturbus_,in,10/2/2020 16:41,0,71,"RT @narkosun: Buya????? ğŸ˜‚ğŸ˜‚ğŸ˜‚ğŸ˜‚

Oh dia pendukung Akhyar calon walikota Medan. Ya sudah klo gitu saya dukung Boby Aulia. Pokoknya yg berseberaâ€¦",Jabodetabek
22,Falah_Riedl,in,10/2/2020 16:27,0,71,"RT @narkosun: Buya????? ğŸ˜‚ğŸ˜‚ğŸ˜‚ğŸ˜‚

Oh dia pendukung Akhyar calon walikota Medan. Ya sudah klo gitu saya dukung Boby Aulia. Pokoknya yg berseberaâ€¦",Bjm-Mlg-Turkey-Germany
23,yoris_ab,in,10/2/2020 16:24,0,71,"RT @narkosun: Buya????? ğŸ˜‚ğŸ˜‚ğŸ˜‚ğŸ˜‚

Oh dia pendukung Akhyar calon walikota Medan. Ya sudah klo gitu saya dukung Boby Aulia. Pokoknya yg berseberaâ€¦",Indonesia
24,Iyink7,in,10/2/2020 16:09,0,71,"RT @narkosun: Buya????? ğŸ˜‚ğŸ˜‚ğŸ˜‚ğŸ˜‚

Oh dia pendukung Akhyar calon walikota Medan. Ya sudah klo gitu saya dukung Boby Aulia. Pokoknya yg berseberaâ€¦","Kudus, Indonesia"
25,santosonya_saja,in,10/2/2020 15:22,0,71,"RT @narkosun: Buya????? ğŸ˜‚ğŸ˜‚ğŸ˜‚ğŸ˜‚

Oh dia pendukung Akhyar calon walikota Medan. Ya sudah klo gitu saya dukung Boby Aulia. Pokoknya yg berseberaâ€¦",
26,Madun281,in,10/2/2020 15:13,0,71,"RT @narkosun: Buya????? ğŸ˜‚ğŸ˜‚ğŸ˜‚ğŸ˜‚

Oh dia pendukung Akhyar calon walikota Medan. Ya sudah klo gitu saya dukung Boby Aulia. Pokoknya yg berseberaâ€¦","Pati, Indonesia"
27,ryanxyz,in,10/2/2020 14:53,0,71,"RT @narkosun: Buya????? ğŸ˜‚ğŸ˜‚ğŸ˜‚ğŸ˜‚

Oh dia pendukung Akhyar calon walikota Medan. Ya sudah klo gitu saya dukung Boby Aulia. Pokoknya yg berseberaâ€¦",Indonesia
28,PekikMenoreh,in,10/2/2020 14:48,0,71,"RT @narkosun: Buya????? ğŸ˜‚ğŸ˜‚ğŸ˜‚ğŸ˜‚

Oh dia pendukung Akhyar calon walikota Medan. Ya sudah klo gitu saya dukung Boby Aulia. Pokoknya yg berseberaâ€¦",Yogyakarta
29,GedeKerto,in,10/2/2020 14:45,0,71,"RT @narkosun: Buya????? ğŸ˜‚ğŸ˜‚ğŸ˜‚ğŸ˜‚

Oh dia pendukung Akhyar calon walikota Medan. Ya sudah klo gitu saya dukung Boby Aulia. Pokoknya yg berseberaâ€¦","Luwu Timur, Sulawesi Selatan"
30,BiemLugiek,in,10/2/2020 14:33,0,71,"RT @narkosun: Buya????? ğŸ˜‚ğŸ˜‚ğŸ˜‚ğŸ˜‚

Oh dia pendukung Akhyar calon walikota Medan. Ya sudah klo gitu saya dukung Boby Aulia. Pokoknya yg berseberaâ€¦","Kota Surabaya, Jawa Timur"
31,SelaMetAll,in,10/2/2020 14:22,0,71,"RT @narkosun: Buya????? ğŸ˜‚ğŸ˜‚ğŸ˜‚ğŸ˜‚

Oh dia pendukung Akhyar calon walikota Medan. Ya sudah klo gitu saya dukung Boby Aulia. Pokoknya yg berseberaâ€¦",
32,bonn_sam,in,10/2/2020 14:22,0,71,"RT @narkosun: Buya????? ğŸ˜‚ğŸ˜‚ğŸ˜‚ğŸ˜‚

Oh dia pendukung Akhyar calon walikota Medan. Ya sudah klo gitu saya dukung Boby Aulia. Pokoknya yg berseberaâ€¦","Tambora, Indonesia"
33,gusnur212,in,10/2/2020 14:15,0,71,"RT @narkosun: Buya????? ğŸ˜‚ğŸ˜‚ğŸ˜‚ğŸ˜‚

Oh dia pendukung Akhyar calon walikota Medan. Ya sudah klo gitu saya dukung Boby Aulia. Pokoknya yg berseberaâ€¦",depok-jakarta-jogya
34,dir1ku,in,10/2/2020 14:04,0,71,"RT @narkosun: Buya????? ğŸ˜‚ğŸ˜‚ğŸ˜‚ğŸ˜‚

Oh dia pendukung Akhyar calon walikota Medan. Ya sudah klo gitu saya dukung Boby Aulia. Pokoknya yg berseberaâ€¦",Malang
35,mahesaandien,in,10/2/2020 14:01,0,71,"RT @narkosun: Buya????? ğŸ˜‚ğŸ˜‚ğŸ˜‚ğŸ˜‚

Oh dia pendukung Akhyar calon walikota Medan. Ya sudah klo gitu saya dukung Boby Aulia. Pokoknya yg berseberaâ€¦",Indonesia
36,EsJorong,in,10/2/2020 13:59,0,71,"RT @narkosun: Buya????? ğŸ˜‚ğŸ˜‚ğŸ˜‚ğŸ˜‚

Oh dia pendukung Akhyar calon walikota Medan. Ya sudah klo gitu saya dukung Boby Aulia. Pokoknya yg berseberaâ€¦","Jorong, Kalsel"
37,pakdhe_wae,in,10/2/2020 13:55,0,71,"RT @narkosun: Buya????? ğŸ˜‚ğŸ˜‚ğŸ˜‚ğŸ˜‚

Oh dia pendukung Akhyar calon walikota Medan. Ya sudah klo gitu saya dukung Boby Aulia. Pokoknya yg berseberaâ€¦",Indonesia
38,Panca252,in,10/2/2020 13:48,0,71,"RT @narkosun: Buya????? ğŸ˜‚ğŸ˜‚ğŸ˜‚ğŸ˜‚

Oh dia pendukung Akhyar calon walikota Medan. Ya sudah klo gitu saya dukung Boby Aulia. Pokoknya yg berseberaâ€¦",
39,BedheR82,in,10/2/2020 13:43,0,71,"RT @narkosun: Buya????? ğŸ˜‚ğŸ˜‚ğŸ˜‚ğŸ˜‚

Oh dia pendukung Akhyar calon walikota Medan. Ya sudah klo gitu saya dukung Boby Aulia. Pokoknya yg berseberaâ€¦",Indonesia
40,BukanKancil,in,10/2/2020 13:25,0,71,"RT @narkosun: Buya????? ğŸ˜‚ğŸ˜‚ğŸ˜‚ğŸ˜‚

Oh dia pendukung Akhyar calon walikota Medan. Ya sudah klo gitu saya dukung Boby Aulia. Pokoknya yg berseberaâ€¦","DKI Jakarta, Indonesia"
41,AnakLolina2,in,10/2/2020 13:20,0,71,"RT @narkosun: Buya????? ğŸ˜‚ğŸ˜‚ğŸ˜‚ğŸ˜‚

Oh dia pendukung Akhyar calon walikota Medan. Ya sudah klo gitu saya dukung Boby Aulia. Pokoknya yg berseberaâ€¦",
42,bersatulahnkri,in,10/2/2020 13:16,0,71,"RT @narkosun: Buya????? ğŸ˜‚ğŸ˜‚ğŸ˜‚ğŸ˜‚

Oh dia pendukung Akhyar calon walikota Medan. Ya sudah klo gitu saya dukung Boby Aulia. Pokoknya yg berseberaâ€¦",Jabotabek
43,Udien_Marbot,in,10/2/2020 13:13,0,71,"RT @narkosun: Buya????? ğŸ˜‚ğŸ˜‚ğŸ˜‚ğŸ˜‚

Oh dia pendukung Akhyar calon walikota Medan. Ya sudah klo gitu saya dukung Boby Aulia. Pokoknya yg berseberaâ€¦","Kota Pekalongan, Jawa Tengah"
44,amrudinnejad_,in,10/2/2020 13:11,0,71,"RT @narkosun: Buya????? ğŸ˜‚ğŸ˜‚ğŸ˜‚ğŸ˜‚

Oh dia pendukung Akhyar calon walikota Medan. Ya sudah klo gitu saya dukung Boby Aulia. Pokoknya yg berseberaâ€¦",Indonesia
45,bffb300aff02425,in,10/2/2020 13:07,0,71,"RT @narkosun: Buya????? ğŸ˜‚ğŸ˜‚ğŸ˜‚ğŸ˜‚

Oh dia pendukung Akhyar calon walikota Medan. Ya sudah klo gitu saya dukung Boby Aulia. Pokoknya yg berseberaâ€¦",
46,private_forex,in,10/2/2020 13:03,0,71,"RT @narkosun: Buya????? ğŸ˜‚ğŸ˜‚ğŸ˜‚ğŸ˜‚

Oh dia pendukung Akhyar calon walikota Medan. Ya sudah klo gitu saya dukung Boby Aulia. Pokoknya yg berseberaâ€¦",
47,AimanJudakusum1,in,10/2/2020 13:03,0,71,"RT @narkosun: Buya????? ğŸ˜‚ğŸ˜‚ğŸ˜‚ğŸ˜‚

Oh dia pendukung Akhyar calon walikota Medan. Ya sudah klo gitu saya dukung Boby Aulia. Pokoknya yg berseberaâ€¦",
48,AgungWidrajat,in,10/2/2020 12:57,0,71,"RT @narkosun: Buya????? ğŸ˜‚ğŸ˜‚ğŸ˜‚ğŸ˜‚

Oh dia pendukung Akhyar calon walikota Medan. Ya sudah klo gitu saya dukung Boby Aulia. Pokoknya yg berseberaâ€¦",Our Earth
49,BorneoPasundan,in,10/2/2020 12:54,0,71,"RT @narkosun: Buya????? ğŸ˜‚ğŸ˜‚ğŸ˜‚ğŸ˜‚

Oh dia pendukung Akhyar calon walikota Medan. Ya sudah klo gitu saya dukung Boby Aulia. Pokoknya yg berseberaâ€¦",Indonesia
50,AmiiPoerwa,in,10/2/2020 12:51,0,71,"RT @narkosun: Buya????? ğŸ˜‚ğŸ˜‚ğŸ˜‚ğŸ˜‚

Oh dia pendukung Akhyar calon walikota Medan. Ya sudah klo gitu saya dukung Boby Aulia. Pokoknya yg berseberaâ€¦",
51,rudyd3li,in,10/2/2020 12:46,0,71,"RT @narkosun: Buya????? ğŸ˜‚ğŸ˜‚ğŸ˜‚ğŸ˜‚

Oh dia pendukung Akhyar calon walikota Medan. Ya sudah klo gitu saya dukung Boby Aulia. Pokoknya yg berseberaâ€¦","Bugisan, South Yogya"
52,AnakBabeGw,in,10/2/2020 12:45,0,71,"RT @narkosun: Buya????? ğŸ˜‚ğŸ˜‚ğŸ˜‚ğŸ˜‚

Oh dia pendukung Akhyar calon walikota Medan. Ya sudah klo gitu saya dukung Boby Aulia. Pokoknya yg berseberaâ€¦","Jl.Cendana,Gang Cikeas No. 212"
53,pejuangkhilaf,in,10/2/2020 12:31,0,71,"RT @narkosun: Buya????? ğŸ˜‚ğŸ˜‚ğŸ˜‚ğŸ˜‚

Oh dia pendukung Akhyar calon walikota Medan. Ya sudah klo gitu saya dukung Boby Aulia. Pokoknya yg berseberaâ€¦",yog
54,Widodo2017,in,10/2/2020 12:29,0,71,"RT @narkosun: Buya????? ğŸ˜‚ğŸ˜‚ğŸ˜‚ğŸ˜‚

Oh dia pendukung Akhyar calon walikota Medan. Ya sudah klo gitu saya dukung Boby Aulia. Pokoknya yg berseberaâ€¦",Bogor
55,_ekopri,in,10/2/2020 12:26,0,71,"RT @narkosun: Buya????? ğŸ˜‚ğŸ˜‚ğŸ˜‚ğŸ˜‚

Oh dia pendukung Akhyar calon walikota Medan. Ya sudah klo gitu saya dukung Boby Aulia. Pokoknya yg berseberaâ€¦","Bogor, Jawa Barat"
56,yudhiapriyadi,in,10/2/2020 12:23,0,71,"RT @narkosun: Buya????? ğŸ˜‚ğŸ˜‚ğŸ˜‚ğŸ˜‚

Oh dia pendukung Akhyar calon walikota Medan. Ya sudah klo gitu saya dukung Boby Aulia. Pokoknya yg berseberaâ€¦","Bandung,Jawa Barat "
57,eqigaliano,in,10/2/2020 12:13,0,71,"RT @narkosun: Buya????? ğŸ˜‚ğŸ˜‚ğŸ˜‚ğŸ˜‚

Oh dia pendukung Akhyar calon walikota Medan. Ya sudah klo gitu saya dukung Boby Aulia. Pokoknya yg berseberaâ€¦",
58,pengembarathamc,in,10/2/2020 12:13,0,71,"RT @narkosun: Buya????? ğŸ˜‚ğŸ˜‚ğŸ˜‚ğŸ˜‚

Oh dia pendukung Akhyar calon walikota Medan. Ya sudah klo gitu saya dukung Boby Aulia. Pokoknya yg berseberaâ€¦",Indonesia
59,DenmasBedj0,in,10/2/2020 12:12,0,71,"RT @narkosun: Buya????? ğŸ˜‚ğŸ˜‚ğŸ˜‚ğŸ˜‚

Oh dia pendukung Akhyar calon walikota Medan. Ya sudah klo gitu saya dukung Boby Aulia. Pokoknya yg berseberaâ€¦",Planet Namec
60,Zainal_ikhwan24,in,10/2/2020 12:07,0,71,"RT @narkosun: Buya????? ğŸ˜‚ğŸ˜‚ğŸ˜‚ğŸ˜‚

Oh dia pendukung Akhyar calon walikota Medan. Ya sudah klo gitu saya dukung Boby Aulia. Pokoknya yg berseberaâ€¦",
61,YoRa_yo_opo_ora,in,10/2/2020 12:05,0,71,"RT @narkosun: Buya????? ğŸ˜‚ğŸ˜‚ğŸ˜‚ğŸ˜‚

Oh dia pendukung Akhyar calon walikota Medan. Ya sudah klo gitu saya dukung Boby Aulia. Pokoknya yg berseberaâ€¦","Jakarta Selatan, DKI Jakarta"
62,moekartho,in,10/2/2020 12:04,0,71,"RT @narkosun: Buya????? ğŸ˜‚ğŸ˜‚ğŸ˜‚ğŸ˜‚

Oh dia pendukung Akhyar calon walikota Medan. Ya sudah klo gitu saya dukung Boby Aulia. Pokoknya yg berseberaâ€¦",Comal Pemalang
63,RinjaniJB,in,10/2/2020 11:59,0,71,"RT @narkosun: Buya????? ğŸ˜‚ğŸ˜‚ğŸ˜‚ğŸ˜‚

Oh dia pendukung Akhyar calon walikota Medan. Ya sudah klo gitu saya dukung Boby Aulia. Pokoknya yg berseberaâ€¦",Indonesia
64,DarkLareine,in,10/2/2020 11:55,0,71,"RT @narkosun: Buya????? ğŸ˜‚ğŸ˜‚ğŸ˜‚ğŸ˜‚

Oh dia pendukung Akhyar calon walikota Medan. Ya sudah klo gitu saya dukung Boby Aulia. Pokoknya yg berseberaâ€¦",
65,tahuisi1709,in,10/2/2020 11:51,0,71,"RT @narkosun: Buya????? ğŸ˜‚ğŸ˜‚ğŸ˜‚ğŸ˜‚

Oh dia pendukung Akhyar calon walikota Medan. Ya sudah klo gitu saya dukung Boby Aulia. Pokoknya yg berseberaâ€¦","Medan Johor, Indonesia"
66,narkosun01,in,10/2/2020 11:50,0,71,"RT @narkosun: Buya????? ğŸ˜‚ğŸ˜‚ğŸ˜‚ğŸ˜‚

Oh dia pendukung Akhyar calon walikota Medan. Ya sudah klo gitu saya dukung Boby Aulia. Pokoknya yg berseberaâ€¦","Jakarta Capital Region, Indone"
67,narkosun,in,10/2/2020 11:49,563,71,"Buya????? ğŸ˜‚ğŸ˜‚ğŸ˜‚ğŸ˜‚

Oh dia pendukung Akhyar calon walikota Medan. Ya sudah klo gitu saya dukung Boby Aulia. Pokoknya ygâ€¦ https://t.co/xNndrmBaPa",Indonesia
68,Theking3231Juan,in,10/2/2020 6:42,0,62,"RT @Je_Ly: Keren nih.

Partai Gelora  bang @Fahrihamzah dukung penuh Bobby-Aulia maju sbg pemimpin Medan. ğŸ‘

Kali ini saya padamu bang ğŸ˜
Smâ€¦","Sumatera Utara, Indonesia"
69,GabusR3b0Rn,in,10/2/2020 5:40,0,62,"RT @Je_Ly: Keren nih.

Partai Gelora  bang @Fahrihamzah dukung penuh Bobby-Aulia maju sbg pemimpin Medan. ğŸ‘

Kali ini saya padamu bang ğŸ˜
Smâ€¦",Swedia
70,gratias_15,in,10/2/2020 5:09,0,49,"RT @Lima8Satu: Jadi mohon maaf kami kalau belum ada ikon selama ini, karena memang fokusnya dalam perawatan jalan-jalan di kota Medan, Kataâ€¦",
71,christyokee,in,10/2/2020 4:54,0,62,"RT @Je_Ly: Keren nih.

Partai Gelora  bang @Fahrihamzah dukung penuh Bobby-Aulia maju sbg pemimpin Medan. ğŸ‘

Kali ini saya padamu bang ğŸ˜
Smâ€¦",
72,espresso_kopii,in,10/2/2020 4:49,0,49,"RT @Lima8Satu: Jadi mohon maaf kami kalau belum ada ikon selama ini, karena memang fokusnya dalam perawatan jalan-jalan di kota Medan, Kataâ€¦","Lampung, Indonesia"
73,Aprilaza9,in,10/2/2020 4:43,0,62,"RT @Je_Ly: Keren nih.

Partai Gelora  bang @Fahrihamzah dukung penuh Bobby-Aulia maju sbg pemimpin Medan. ğŸ‘

Kali ini saya padamu bang ğŸ˜
Smâ€¦","Negeri Besar, Indonesia â¤ï¸"
74,ArtOfpol,in,10/2/2020 4:40,0,49,"RT @Lima8Satu: Jadi mohon maaf kami kalau belum ada ikon selama ini, karena memang fokusnya dalam perawatan jalan-jalan di kota Medan, Kataâ€¦",
75,bicrosser,in,10/2/2020 4:32,0,62,"RT @Je_Ly: Keren nih.

Partai Gelora  bang @Fahrihamzah dukung penuh Bobby-Aulia maju sbg pemimpin Medan. ğŸ‘

Kali ini saya padamu bang ğŸ˜
Smâ€¦",
76,jennydewi81,in,10/2/2020 4:25,0,49,"RT @Lima8Satu: Jadi mohon maaf kami kalau belum ada ikon selama ini, karena memang fokusnya dalam perawatan jalan-jalan di kota Medan, Kataâ€¦",
77,dewi_aruni,in,10/2/2020 4:23,0,49,"RT @Lima8Satu: Jadi mohon maaf kami kalau belum ada ikon selama ini, karena memang fokusnya dalam perawatan jalan-jalan di kota Medan, Kataâ€¦",
78,febioashari,in,10/2/2020 4:22,0,49,"RT @Lima8Satu: Jadi mohon maaf kami kalau belum ada ikon selama ini, karena memang fokusnya dalam perawatan jalan-jalan di kota Medan, Kataâ€¦",Negeri Tercinta INDONESIA
79,dewi_aruni,in,10/2/2020 4:21,0,62,"RT @Je_Ly: Keren nih.

Partai Gelora  bang @Fahrihamzah dukung penuh Bobby-Aulia maju sbg pemimpin Medan. ğŸ‘

Kali ini saya padamu bang ğŸ˜
Smâ€¦",
80,GalehJati5,in,10/2/2020 4:21,0,37,"RT @Lima8Satu: Taman yang dulu begitu Indah sekarang jadi taman Enceng gondok. 
Ckckck

Kita butuh pemimpin yang bisa memelihara dan berinoâ€¦","Yogyakarta, Indonesia"
81,febioashari,in,10/2/2020 4:20,0,62,"RT @Je_Ly: Keren nih.

Partai Gelora  bang @Fahrihamzah dukung penuh Bobby-Aulia maju sbg pemimpin Medan. ğŸ‘

Kali ini saya padamu bang ğŸ˜
Smâ€¦",Negeri Tercinta INDONESIA
82,jennydewi81,in,10/2/2020 4:19,0,62,"RT @Je_Ly: Keren nih.

Partai Gelora  bang @Fahrihamzah dukung penuh Bobby-Aulia maju sbg pemimpin Medan. ğŸ‘

Kali ini saya padamu bang ğŸ˜
Smâ€¦",
83,arjuno_ireng01,in,10/2/2020 4:16,0,37,"RT @Lima8Satu: Taman yang dulu begitu Indah sekarang jadi taman Enceng gondok. 
Ckckck

Kita butuh pemimpin yang bisa memelihara dan berinoâ€¦",Indonesia
84,_tripleN,in,10/2/2020 4:12,0,62,"RT @Je_Ly: Keren nih.

Partai Gelora  bang @Fahrihamzah dukung penuh Bobby-Aulia maju sbg pemimpin Medan. ğŸ‘

Kali ini saya padamu bang ğŸ˜
Smâ€¦",
85,FireBirdFeniks,in,10/2/2020 4:10,0,37,"RT @Lima8Satu: Taman yang dulu begitu Indah sekarang jadi taman Enceng gondok. 
Ckckck

Kita butuh pemimpin yang bisa memelihara dan berinoâ€¦",
86,_ngedotcom_,in,10/2/2020 4:09,0,62,"RT @Je_Ly: Keren nih.

Partai Gelora  bang @Fahrihamzah dukung penuh Bobby-Aulia maju sbg pemimpin Medan. ğŸ‘

Kali ini saya padamu bang ğŸ˜
Smâ€¦",Jakarta
87,jongBAN1,in,10/2/2020 4:06,0,62,"RT @Je_Ly: Keren nih.

Partai Gelora  bang @Fahrihamzah dukung penuh Bobby-Aulia maju sbg pemimpin Medan. ğŸ‘

Kali ini saya padamu bang ğŸ˜
Smâ€¦",
88,Je_Ly,in,10/2/2020 4:01,0,62,"RT @Je_Ly: Keren nih.

Partai Gelora  bang @Fahrihamzah dukung penuh Bobby-Aulia maju sbg pemimpin Medan. ğŸ‘

Kali ini saya padamu bang ğŸ˜
Smâ€¦",Indonesia
89,ziyyah_Assy,in,10/2/2020 3:50,0,49,"RT @Lima8Satu: Jadi mohon maaf kami kalau belum ada ikon selama ini, karena memang fokusnya dalam perawatan jalan-jalan di kota Medan, Kataâ€¦",
90,ziyyah_Assy,in,10/2/2020 3:50,0,37,"RT @Lima8Satu: Taman yang dulu begitu Indah sekarang jadi taman Enceng gondok. 
Ckckck

Kita butuh pemimpin yang bisa memelihara dan berinoâ€¦",
91,ANGIN131,in,10/2/2020 3:50,0,62,"RT @Je_Ly: Keren nih.

Partai Gelora  bang @Fahrihamzah dukung penuh Bobby-Aulia maju sbg pemimpin Medan. ğŸ‘

Kali ini saya padamu bang ğŸ˜
Smâ€¦",
92,Trimsati_7,in,10/2/2020 3:49,0,49,"RT @Lima8Satu: Jadi mohon maaf kami kalau belum ada ikon selama ini, karena memang fokusnya dalam perawatan jalan-jalan di kota Medan, Kataâ€¦",
93,Trimsati_7,in,10/2/2020 3:48,0,37,"RT @Lima8Satu: Taman yang dulu begitu Indah sekarang jadi taman Enceng gondok. 
Ckckck

Kita butuh pemimpin yang bisa memelihara dan berinoâ€¦",
94,DetriPutri2,in,10/2/2020 3:47,0,49,"RT @Lima8Satu: Jadi mohon maaf kami kalau belum ada ikon selama ini, karena memang fokusnya dalam perawatan jalan-jalan di kota Medan, Kataâ€¦",
95,viinzzx,in,10/2/2020 3:46,0,49,"RT @Lima8Satu: Jadi mohon maaf kami kalau belum ada ikon selama ini, karena memang fokusnya dalam perawatan jalan-jalan di kota Medan, Kataâ€¦",Indonesia
96,viinzzx,in,10/2/2020 3:41,0,62,"RT @Je_Ly: Keren nih.

Partai Gelora  bang @Fahrihamzah dukung penuh Bobby-Aulia maju sbg pemimpin Medan. ğŸ‘

Kali ini saya padamu bang ğŸ˜
Smâ€¦",Indonesia
97,KelianBanjar_GK,in,10/2/2020 3:35,0,62,"RT @Je_Ly: Keren nih.

Partai Gelora  bang @Fahrihamzah dukung penuh Bobby-Aulia maju sbg pemimpin Medan. ğŸ‘

Kali ini saya padamu bang ğŸ˜
Smâ€¦","Denpasar, Bali"
98,Exodus_____,in,10/2/2020 3:32,0,37,"RT @Lima8Satu: Taman yang dulu begitu Indah sekarang jadi taman Enceng gondok. 
Ckckck

Kita butuh pemimpin yang bisa memelihara dan berinoâ€¦",
99,LaskarSakti,in,10/2/2020 3:29,0,62,"RT @Je_Ly: Keren nih.

Partai Gelora  bang @Fahrihamzah dukung penuh Bobby-Aulia maju sbg pemimpin Medan. ğŸ‘

Kali ini saya padamu bang ğŸ˜
Smâ€¦",
100,LaskarSakti,in,10/2/2020 3:28,0,49,"RT @Lima8Satu: Jadi mohon maaf kami kalau belum ada ikon selama ini, karena memang fokusnya dalam perawatan jalan-jalan di kota Medan, Kataâ€¦",
101,RinjaniJB,in,10/2/2020 3:26,0,37,"RT @Lima8Satu: Taman yang dulu begitu Indah sekarang jadi taman Enceng gondok. 
Ckckck

Kita butuh pemimpin yang bisa memelihara dan berinoâ€¦",Indonesia
102,LaskarSakti,in,10/2/2020 3:26,0,37,"RT @Lima8Satu: Taman yang dulu begitu Indah sekarang jadi taman Enceng gondok. 
Ckckck

Kita butuh pemimpin yang bisa memelihara dan berinoâ€¦",
103,FireBirdFeniks,in,10/2/2020 3:25,0,49,"RT @Lima8Satu: Jadi mohon maaf kami kalau belum ada ikon selama ini, karena memang fokusnya dalam perawatan jalan-jalan di kota Medan, Kataâ€¦",
104,Cigarilos5,in,10/2/2020 3:25,0,37,"RT @Lima8Satu: Taman yang dulu begitu Indah sekarang jadi taman Enceng gondok. 
Ckckck

Kita butuh pemimpin yang bisa memelihara dan berinoâ€¦","Denpasar Selatan, Indonesia"
105,guainjr,in,10/2/2020 3:25,0,62,"RT @Je_Ly: Keren nih.

Partai Gelora  bang @Fahrihamzah dukung penuh Bobby-Aulia maju sbg pemimpin Medan. ğŸ‘

Kali ini saya padamu bang ğŸ˜
Smâ€¦",
106,FireBirdFeniks,in,10/2/2020 3:23,0,62,"RT @Je_Ly: Keren nih.

Partai Gelora  bang @Fahrihamzah dukung penuh Bobby-Aulia maju sbg pemimpin Medan. ğŸ‘

Kali ini saya padamu bang ğŸ˜
Smâ€¦",
107,Thea_Moon99,in,10/2/2020 3:22,0,37,"RT @Lima8Satu: Taman yang dulu begitu Indah sekarang jadi taman Enceng gondok. 
Ckckck

Kita butuh pemimpin yang bisa memelihara dan berinoâ€¦",Indonesia Tercinta
108,cak_sys,in,10/2/2020 3:19,0,62,"RT @Je_Ly: Keren nih.

Partai Gelora  bang @Fahrihamzah dukung penuh Bobby-Aulia maju sbg pemimpin Medan. ğŸ‘

Kali ini saya padamu bang ğŸ˜
Smâ€¦","Kota Surabaya, Jawa Timur"
109,jhonhayam,in,10/2/2020 3:18,0,62,"RT @Je_Ly: Keren nih.

Partai Gelora  bang @Fahrihamzah dukung penuh Bobby-Aulia maju sbg pemimpin Medan. ğŸ‘

Kali ini saya padamu bang ğŸ˜
Smâ€¦",
110,cak_sys,in,10/2/2020 3:18,0,49,"RT @Lima8Satu: Jadi mohon maaf kami kalau belum ada ikon selama ini, karena memang fokusnya dalam perawatan jalan-jalan di kota Medan, Kataâ€¦","Kota Surabaya, Jawa Timur"
111,Rachman19661,in,10/2/2020 3:15,0,37,"RT @Lima8Satu: Taman yang dulu begitu Indah sekarang jadi taman Enceng gondok. 
Ckckck

Kita butuh pemimpin yang bisa memelihara dan berinoâ€¦",
112,AirinAirin_NZ,in,10/2/2020 3:12,0,62,"RT @Je_Ly: Keren nih.

Partai Gelora  bang @Fahrihamzah dukung penuh Bobby-Aulia maju sbg pemimpin Medan. ğŸ‘

Kali ini saya padamu bang ğŸ˜
Smâ€¦","DKI Jakarta, Indonesia"
113,AthayaHayya,in,10/2/2020 3:12,0,37,"RT @Lima8Satu: Taman yang dulu begitu Indah sekarang jadi taman Enceng gondok. 
Ckckck

Kita butuh pemimpin yang bisa memelihara dan berinoâ€¦","Yogyakarta, Indonesia"
114,wisanggeni_084,in,10/2/2020 3:09,0,49,"RT @Lima8Satu: Jadi mohon maaf kami kalau belum ada ikon selama ini, karena memang fokusnya dalam perawatan jalan-jalan di kota Medan, Kataâ€¦",Kahyangan Daksinapati 
115,freddyarjuna,in,10/2/2020 3:07,0,49,"RT @Lima8Satu: Jadi mohon maaf kami kalau belum ada ikon selama ini, karena memang fokusnya dalam perawatan jalan-jalan di kota Medan, Kataâ€¦",wuhan
116,febioashari,in,10/2/2020 3:04,0,37,"RT @Lima8Satu: Taman yang dulu begitu Indah sekarang jadi taman Enceng gondok. 
Ckckck

Kita butuh pemimpin yang bisa memelihara dan berinoâ€¦",Negeri Tercinta INDONESIA
117,tjhinfar21,in,10/2/2020 3:03,0,37,"RT @Lima8Satu: Taman yang dulu begitu Indah sekarang jadi taman Enceng gondok. 
Ckckck

Kita butuh pemimpin yang bisa memelihara dan berinoâ€¦",
118,tjhinfar21,in,10/2/2020 3:02,0,49,"RT @Lima8Satu: Jadi mohon maaf kami kalau belum ada ikon selama ini, karena memang fokusnya dalam perawatan jalan-jalan di kota Medan, Kataâ€¦",
119,Canden902,in,10/2/2020 3:00,0,49,"RT @Lima8Satu: Jadi mohon maaf kami kalau belum ada ikon selama ini, karena memang fokusnya dalam perawatan jalan-jalan di kota Medan, Kataâ€¦",
120,GalehJati5,in,10/2/2020 2:58,0,49,"RT @Lima8Satu: Jadi mohon maaf kami kalau belum ada ikon selama ini, karena memang fokusnya dalam perawatan jalan-jalan di kota Medan, Kataâ€¦","Yogyakarta, Indonesia"
121,eyang177,in,10/2/2020 2:56,0,49,"RT @Lima8Satu: Jadi mohon maaf kami kalau belum ada ikon selama ini, karena memang fokusnya dalam perawatan jalan-jalan di kota Medan, Kataâ€¦",NKRI
122,AsritaDhara,in,10/2/2020 2:55,0,37,"RT @Lima8Satu: Taman yang dulu begitu Indah sekarang jadi taman Enceng gondok. 
Ckckck

Kita butuh pemimpin yang bisa memelihara dan berinoâ€¦",
123,P3nj3l4j4h_id,in,10/2/2020 2:55,0,62,"RT @Je_Ly: Keren nih.

Partai Gelora  bang @Fahrihamzah dukung penuh Bobby-Aulia maju sbg pemimpin Medan. ğŸ‘

Kali ini saya padamu bang ğŸ˜
Smâ€¦",Angola
124,AsritaDhara,in,10/2/2020 2:54,0,49,"RT @Lima8Satu: Jadi mohon maaf kami kalau belum ada ikon selama ini, karena memang fokusnya dalam perawatan jalan-jalan di kota Medan, Kataâ€¦",
125,2ribu4J,in,10/2/2020 2:54,0,62,"RT @Je_Ly: Keren nih.

Partai Gelora  bang @Fahrihamzah dukung penuh Bobby-Aulia maju sbg pemimpin Medan. ğŸ‘

Kali ini saya padamu bang ğŸ˜
Smâ€¦","Jawa Barat, Indonesia"
126,2ribu4J,in,10/2/2020 2:53,0,49,"RT @Lima8Satu: Jadi mohon maaf kami kalau belum ada ikon selama ini, karena memang fokusnya dalam perawatan jalan-jalan di kota Medan, Kataâ€¦","Jawa Barat, Indonesia"
127,2ribu4J,in,10/2/2020 2:53,0,37,"RT @Lima8Satu: Taman yang dulu begitu Indah sekarang jadi taman Enceng gondok. 
Ckckck

Kita butuh pemimpin yang bisa memelihara dan berinoâ€¦","Jawa Barat, Indonesia"
128,SastroGedek,in,10/2/2020 2:53,0,37,"RT @Lima8Satu: Taman yang dulu begitu Indah sekarang jadi taman Enceng gondok. 
Ckckck

Kita butuh pemimpin yang bisa memelihara dan berinoâ€¦",
129,arjuno_ireng01,in,10/2/2020 2:51,0,49,"RT @Lima8Satu: Jadi mohon maaf kami kalau belum ada ikon selama ini, karena memang fokusnya dalam perawatan jalan-jalan di kota Medan, Kataâ€¦",Indonesia
130,AthayaHayya,in,10/2/2020 2:51,0,49,"RT @Lima8Satu: Jadi mohon maaf kami kalau belum ada ikon selama ini, karena memang fokusnya dalam perawatan jalan-jalan di kota Medan, Kataâ€¦","Yogyakarta, Indonesia"
131,kuda_trojan,in,10/2/2020 2:50,0,49,"RT @Lima8Satu: Jadi mohon maaf kami kalau belum ada ikon selama ini, karena memang fokusnya dalam perawatan jalan-jalan di kota Medan, Kataâ€¦","Central Java, Indonesia"
132,arjuno_ireng01,in,10/2/2020 2:49,0,62,"RT @Je_Ly: Keren nih.

Partai Gelora  bang @Fahrihamzah dukung penuh Bobby-Aulia maju sbg pemimpin Medan. ğŸ‘

Kali ini saya padamu bang ğŸ˜
Smâ€¦",Indonesia
133,Lima8Satu,in,10/2/2020 2:48,0,37,"RT @Lima8Satu: Taman yang dulu begitu Indah sekarang jadi taman Enceng gondok. 
Ckckck

Kita butuh pemimpin yang bisa memelihara dan berinoâ€¦","Jawa Barat, Indonesia"
134,mannis_boy,in,10/2/2020 2:48,0,62,"RT @Je_Ly: Keren nih.

Partai Gelora  bang @Fahrihamzah dukung penuh Bobby-Aulia maju sbg pemimpin Medan. ğŸ‘

Kali ini saya padamu bang ğŸ˜
Smâ€¦",
135,andy_nomicin,in,10/2/2020 2:48,0,62,"RT @Je_Ly: Keren nih.

Partai Gelora  bang @Fahrihamzah dukung penuh Bobby-Aulia maju sbg pemimpin Medan. ğŸ‘

Kali ini saya padamu bang ğŸ˜
Smâ€¦",Indonesia
136,AsritaDhara,in,10/2/2020 2:47,0,62,"RT @Je_Ly: Keren nih.

Partai Gelora  bang @Fahrihamzah dukung penuh Bobby-Aulia maju sbg pemimpin Medan. ğŸ‘

Kali ini saya padamu bang ğŸ˜
Smâ€¦",
137,GalehJati5,in,10/2/2020 2:44,0,62,"RT @Je_Ly: Keren nih.

Partai Gelora  bang @Fahrihamzah dukung penuh Bobby-Aulia maju sbg pemimpin Medan. ğŸ‘

Kali ini saya padamu bang ğŸ˜
Smâ€¦","Yogyakarta, Indonesia"
138,kuda_trojan,in,10/2/2020 2:44,0,37,"RT @Lima8Satu: Taman yang dulu begitu Indah sekarang jadi taman Enceng gondok. 
Ckckck

Kita butuh pemimpin yang bisa memelihara dan berinoâ€¦","Central Java, Indonesia"
139,Cigarilos5,in,10/2/2020 2:43,0,49,"RT @Lima8Satu: Jadi mohon maaf kami kalau belum ada ikon selama ini, karena memang fokusnya dalam perawatan jalan-jalan di kota Medan, Kataâ€¦","Denpasar Selatan, Indonesia"
140,Sejuk132,in,10/2/2020 2:42,0,62,"RT @Je_Ly: Keren nih.

Partai Gelora  bang @Fahrihamzah dukung penuh Bobby-Aulia maju sbg pemimpin Medan. ğŸ‘

Kali ini saya padamu bang ğŸ˜
Smâ€¦",
141,cak_sys,in,10/2/2020 2:40,0,37,"RT @Lima8Satu: Taman yang dulu begitu Indah sekarang jadi taman Enceng gondok. 
Ckckck

Kita butuh pemimpin yang bisa memelihara dan berinoâ€¦","Kota Surabaya, Jawa Timur"
142,nandapradha_,in,10/2/2020 2:40,0,37,"RT @Lima8Satu: Taman yang dulu begitu Indah sekarang jadi taman Enceng gondok. 
Ckckck

Kita butuh pemimpin yang bisa memelihara dan berinoâ€¦","Sidoarjo, Indonesia"
143,Jelli_cent,in,10/2/2020 2:36,0,37,"RT @Lima8Satu: Taman yang dulu begitu Indah sekarang jadi taman Enceng gondok. 
Ckckck

Kita butuh pemimpin yang bisa memelihara dan berinoâ€¦",
144,Jelli_cent,in,10/2/2020 2:35,0,49,"RT @Lima8Satu: Jadi mohon maaf kami kalau belum ada ikon selama ini, karena memang fokusnya dalam perawatan jalan-jalan di kota Medan, Kataâ€¦",
145,denni_sauya,in,10/2/2020 2:33,0,49,"RT @Lima8Satu: Jadi mohon maaf kami kalau belum ada ikon selama ini, karena memang fokusnya dalam perawatan jalan-jalan di kota Medan, Kataâ€¦",di awan biruuu
146,freddyarjuna,in,10/2/2020 2:32,0,37,"RT @Lima8Satu: Taman yang dulu begitu Indah sekarang jadi taman Enceng gondok. 
Ckckck

Kita butuh pemimpin yang bisa memelihara dan berinoâ€¦",wuhan
147,Laskarpiningit1,in,10/2/2020 2:30,0,37,"RT @Lima8Satu: Taman yang dulu begitu Indah sekarang jadi taman Enceng gondok. 
Ckckck

Kita butuh pemimpin yang bisa memelihara dan berinoâ€¦",Indonesia
148,Thea_Moon99,in,10/2/2020 2:29,0,49,"RT @Lima8Satu: Jadi mohon maaf kami kalau belum ada ikon selama ini, karena memang fokusnya dalam perawatan jalan-jalan di kota Medan, Kataâ€¦",Indonesia Tercinta
149,nandapradha_,in,10/2/2020 2:28,0,49,"RT @Lima8Satu: Jadi mohon maaf kami kalau belum ada ikon selama ini, karena memang fokusnya dalam perawatan jalan-jalan di kota Medan, Kataâ€¦","Sidoarjo, Indonesia"
150,SastroGedek,in,10/2/2020 2:27,0,49,"RT @Lima8Satu: Jadi mohon maaf kami kalau belum ada ikon selama ini, karena memang fokusnya dalam perawatan jalan-jalan di kota Medan, Kataâ€¦",
151,nandapradha_,in,10/2/2020 2:27,0,62,"RT @Je_Ly: Keren nih.

Partai Gelora  bang @Fahrihamzah dukung penuh Bobby-Aulia maju sbg pemimpin Medan. ğŸ‘

Kali ini saya padamu bang ğŸ˜
Smâ€¦","Sidoarjo, Indonesia"
152,SastroGedek,in,10/2/2020 2:27,0,62,"RT @Je_Ly: Keren nih.

Partai Gelora  bang @Fahrihamzah dukung penuh Bobby-Aulia maju sbg pemimpin Medan. ğŸ‘

Kali ini saya padamu bang ğŸ˜
Smâ€¦",
153,ayupuspawati12,in,10/2/2020 2:26,0,37,"RT @Lima8Satu: Taman yang dulu begitu Indah sekarang jadi taman Enceng gondok. 
Ckckck

Kita butuh pemimpin yang bisa memelihara dan berinoâ€¦","DKI Jakarta, Indonesia"
154,kuda_trojan,in,10/2/2020 2:25,0,62,"RT @Je_Ly: Keren nih.

Partai Gelora  bang @Fahrihamzah dukung penuh Bobby-Aulia maju sbg pemimpin Medan. ğŸ‘

Kali ini saya padamu bang ğŸ˜
Smâ€¦","Central Java, Indonesia"
155,Ratulintang_,in,10/2/2020 2:25,0,37,"RT @Lima8Satu: Taman yang dulu begitu Indah sekarang jadi taman Enceng gondok. 
Ckckck

Kita butuh pemimpin yang bisa memelihara dan berinoâ€¦",
156,Lima8Satu,in,10/2/2020 2:24,0,49,"RT @Lima8Satu: Jadi mohon maaf kami kalau belum ada ikon selama ini, karena memang fokusnya dalam perawatan jalan-jalan di kota Medan, Kataâ€¦","Jawa Barat, Indonesia"
157,Laskarpiningit1,in,10/2/2020 2:21,0,49,"RT @Lima8Satu: Jadi mohon maaf kami kalau belum ada ikon selama ini, karena memang fokusnya dalam perawatan jalan-jalan di kota Medan, Kataâ€¦",Indonesia
158,garanganwati1,in,10/2/2020 2:20,0,37,"RT @Lima8Satu: Taman yang dulu begitu Indah sekarang jadi taman Enceng gondok. 
Ckckck

Kita butuh pemimpin yang bisa memelihara dan berinoâ€¦",Indonesia 
159,Laskarpiningit1,in,10/2/2020 2:20,0,62,"RT @Je_Ly: Keren nih.

Partai Gelora  bang @Fahrihamzah dukung penuh Bobby-Aulia maju sbg pemimpin Medan. ğŸ‘

Kali ini saya padamu bang ğŸ˜
Smâ€¦",Indonesia
160,ayupuspawati12,in,10/2/2020 2:19,0,49,"RT @Lima8Satu: Jadi mohon maaf kami kalau belum ada ikon selama ini, karena memang fokusnya dalam perawatan jalan-jalan di kota Medan, Kataâ€¦","DKI Jakarta, Indonesia"
161,ArtOfpol,in,10/2/2020 2:19,0,62,"RT @Je_Ly: Keren nih.

Partai Gelora  bang @Fahrihamzah dukung penuh Bobby-Aulia maju sbg pemimpin Medan. ğŸ‘

Kali ini saya padamu bang ğŸ˜
Smâ€¦",
162,garanganwati1,in,10/2/2020 2:19,0,49,"RT @Lima8Satu: Jadi mohon maaf kami kalau belum ada ikon selama ini, karena memang fokusnya dalam perawatan jalan-jalan di kota Medan, Kataâ€¦",Indonesia 
163,materazzi89,in,10/2/2020 2:16,0,62,"RT @Je_Ly: Keren nih.

Partai Gelora  bang @Fahrihamzah dukung penuh Bobby-Aulia maju sbg pemimpin Medan. ğŸ‘

Kali ini saya padamu bang ğŸ˜
Smâ€¦",
164,HarisSekipi87,in,10/2/2020 2:16,0,62,"RT @Je_Ly: Keren nih.

Partai Gelora  bang @Fahrihamzah dukung penuh Bobby-Aulia maju sbg pemimpin Medan. ğŸ‘

Kali ini saya padamu bang ğŸ˜
Smâ€¦",
165,materazzi89,in,10/2/2020 2:16,0,37,"RT @Lima8Satu: Taman yang dulu begitu Indah sekarang jadi taman Enceng gondok. 
Ckckck

Kita butuh pemimpin yang bisa memelihara dan berinoâ€¦",
166,materazzi89,in,10/2/2020 2:15,0,49,"RT @Lima8Satu: Jadi mohon maaf kami kalau belum ada ikon selama ini, karena memang fokusnya dalam perawatan jalan-jalan di kota Medan, Kataâ€¦",
167,Yubi666,in,10/2/2020 2:14,0,49,"RT @Lima8Satu: Jadi mohon maaf kami kalau belum ada ikon selama ini, karena memang fokusnya dalam perawatan jalan-jalan di kota Medan, Kataâ€¦",United States
168,RiuRizkiUtomo_,in,10/2/2020 2:14,0,1,"RT @kuda_trojan: @RiuRizkiUtomo_ harapan ada di boby aulia
#B0bby4uliaSiap",
169,DetriPutri2,in,10/2/2020 2:13,0,62,"RT @Je_Ly: Keren nih.

Partai Gelora  bang @Fahrihamzah dukung penuh Bobby-Aulia maju sbg pemimpin Medan. ğŸ‘

Kali ini saya padamu bang ğŸ˜
Smâ€¦",
170,ayupuspawati12,in,10/2/2020 2:12,0,62,"RT @Je_Ly: Keren nih.

Partai Gelora  bang @Fahrihamzah dukung penuh Bobby-Aulia maju sbg pemimpin Medan. ğŸ‘

Kali ini saya padamu bang ğŸ˜
Smâ€¦","DKI Jakarta, Indonesia"
171,SatyaJogja_,in,10/2/2020 2:12,0,62,"RT @Je_Ly: Keren nih.

Partai Gelora  bang @Fahrihamzah dukung penuh Bobby-Aulia maju sbg pemimpin Medan. ğŸ‘

Kali ini saya padamu bang ğŸ˜
Smâ€¦",Indonesia
172,miliacahyaaa,in,10/2/2020 2:11,0,49,"RT @Lima8Satu: Jadi mohon maaf kami kalau belum ada ikon selama ini, karena memang fokusnya dalam perawatan jalan-jalan di kota Medan, Kataâ€¦","Kota Medan, Sumatera Utara"
173,My__Alter,in,10/2/2020 2:11,0,49,"RT @Lima8Satu: Jadi mohon maaf kami kalau belum ada ikon selama ini, karena memang fokusnya dalam perawatan jalan-jalan di kota Medan, Kataâ€¦",
174,P3nj3l4j4h_id,in,10/2/2020 2:11,0,37,"RT @Lima8Satu: Taman yang dulu begitu Indah sekarang jadi taman Enceng gondok. 
Ckckck

Kita butuh pemimpin yang bisa memelihara dan berinoâ€¦",Angola
175,Cigarilos5,in,10/2/2020 2:11,0,62,"RT @Je_Ly: Keren nih.

Partai Gelora  bang @Fahrihamzah dukung penuh Bobby-Aulia maju sbg pemimpin Medan. ğŸ‘

Kali ini saya padamu bang ğŸ˜
Smâ€¦","Denpasar Selatan, Indonesia"
176,P3nj3l4j4h_id,in,10/2/2020 2:10,0,49,"RT @Lima8Satu: Jadi mohon maaf kami kalau belum ada ikon selama ini, karena memang fokusnya dalam perawatan jalan-jalan di kota Medan, Kataâ€¦",Angola
177,NayDwiyana,in,10/2/2020 2:08,0,62,"RT @Je_Ly: Keren nih.

Partai Gelora  bang @Fahrihamzah dukung penuh Bobby-Aulia maju sbg pemimpin Medan. ğŸ‘

Kali ini saya padamu bang ğŸ˜
Smâ€¦",
178,Thea_Moon99,in,10/2/2020 2:08,0,62,"RT @Je_Ly: Keren nih.

Partai Gelora  bang @Fahrihamzah dukung penuh Bobby-Aulia maju sbg pemimpin Medan. ğŸ‘

Kali ini saya padamu bang ğŸ˜
Smâ€¦",Indonesia Tercinta
179,Yubi666,in,10/2/2020 2:08,0,62,"RT @Je_Ly: Keren nih.

Partai Gelora  bang @Fahrihamzah dukung penuh Bobby-Aulia maju sbg pemimpin Medan. ğŸ‘

Kali ini saya padamu bang ğŸ˜
Smâ€¦",United States
180,AlapRadesa,in,10/2/2020 2:08,0,62,"RT @Je_Ly: Keren nih.

Partai Gelora  bang @Fahrihamzah dukung penuh Bobby-Aulia maju sbg pemimpin Medan. ğŸ‘

Kali ini saya padamu bang ğŸ˜
Smâ€¦",
181,LILApama2011,in,10/2/2020 2:08,0,37,"RT @Lima8Satu: Taman yang dulu begitu Indah sekarang jadi taman Enceng gondok. 
Ckckck

Kita butuh pemimpin yang bisa memelihara dan berinoâ€¦",
182,TyaniPuspita,in,10/2/2020 2:08,0,62,"RT @Je_Ly: Keren nih.

Partai Gelora  bang @Fahrihamzah dukung penuh Bobby-Aulia maju sbg pemimpin Medan. ğŸ‘

Kali ini saya padamu bang ğŸ˜
Smâ€¦","Cengkareng, Indonesia"
183,denni_sauya,in,10/2/2020 2:08,0,37,"RT @Lima8Satu: Taman yang dulu begitu Indah sekarang jadi taman Enceng gondok. 
Ckckck

Kita butuh pemimpin yang bisa memelihara dan berinoâ€¦",di awan biruuu
184,LILApama2011,in,10/2/2020 2:07,0,49,"RT @Lima8Satu: Jadi mohon maaf kami kalau belum ada ikon selama ini, karena memang fokusnya dalam perawatan jalan-jalan di kota Medan, Kataâ€¦",
185,RETHA_Monicaa,in,10/2/2020 2:06,0,49,"RT @Lima8Satu: Jadi mohon maaf kami kalau belum ada ikon selama ini, karena memang fokusnya dalam perawatan jalan-jalan di kota Medan, Kataâ€¦","Tangerang, Banten"
186,AthayaHayya,in,10/2/2020 2:06,0,62,"RT @Je_Ly: Keren nih.

Partai Gelora  bang @Fahrihamzah dukung penuh Bobby-Aulia maju sbg pemimpin Medan. ğŸ‘

Kali ini saya padamu bang ğŸ˜
Smâ€¦","Yogyakarta, Indonesia"
187,kuda_trojan,in,10/2/2020 2:06,1,1,"@RiuRizkiUtomo_ harapan ada di boby aulia
#B0bby4uliaSiap","Central Java, Indonesia"
188,RETHA_Monicaa,in,10/2/2020 2:05,0,62,"RT @Je_Ly: Keren nih.

Partai Gelora  bang @Fahrihamzah dukung penuh Bobby-Aulia maju sbg pemimpin Medan. ğŸ‘

Kali ini saya padamu bang ğŸ˜
Smâ€¦","Tangerang, Banten"
189,Ratulintang_,in,10/2/2020 2:04,0,62,"RT @Je_Ly: Keren nih.

Partai Gelora  bang @Fahrihamzah dukung penuh Bobby-Aulia maju sbg pemimpin Medan. ğŸ‘

Kali ini saya padamu bang ğŸ˜
Smâ€¦",
190,miliacahyaaa,in,10/2/2020 2:04,0,62,"RT @Je_Ly: Keren nih.

Partai Gelora  bang @Fahrihamzah dukung penuh Bobby-Aulia maju sbg pemimpin Medan. ğŸ‘

Kali ini saya padamu bang ğŸ˜
Smâ€¦","Kota Medan, Sumatera Utara"
191,Ratulintang_,in,10/2/2020 2:04,0,49,"RT @Lima8Satu: Jadi mohon maaf kami kalau belum ada ikon selama ini, karena memang fokusnya dalam perawatan jalan-jalan di kota Medan, Kataâ€¦",
192,jr_kw19,in,10/2/2020 2:03,0,62,"RT @Je_Ly: Keren nih.

Partai Gelora  bang @Fahrihamzah dukung penuh Bobby-Aulia maju sbg pemimpin Medan. ğŸ‘

Kali ini saya padamu bang ğŸ˜
Smâ€¦",Indonesia
193,Jelli_cent,in,10/2/2020 2:03,0,62,"RT @Je_Ly: Keren nih.

Partai Gelora  bang @Fahrihamzah dukung penuh Bobby-Aulia maju sbg pemimpin Medan. ğŸ‘

Kali ini saya padamu bang ğŸ˜
Smâ€¦",
194,RETHA_Monicaa,in,10/2/2020 2:03,0,37,"RT @Lima8Satu: Taman yang dulu begitu Indah sekarang jadi taman Enceng gondok. 
Ckckck

Kita butuh pemimpin yang bisa memelihara dan berinoâ€¦","Tangerang, Banten"
195,pawartosyogya,in,10/2/2020 2:03,0,62,"RT @Je_Ly: Keren nih.

Partai Gelora  bang @Fahrihamzah dukung penuh Bobby-Aulia maju sbg pemimpin Medan. ğŸ‘

Kali ini saya padamu bang ğŸ˜
Smâ€¦","Kota Yogyakarta, Yogyakarta"
196,My__Alter,in,10/2/2020 2:03,0,62,"RT @Je_Ly: Keren nih.

Partai Gelora  bang @Fahrihamzah dukung penuh Bobby-Aulia maju sbg pemimpin Medan. ğŸ‘

Kali ini saya padamu bang ğŸ˜
Smâ€¦",
197,garanganwati1,in,10/2/2020 2:02,0,62,"RT @Je_Ly: Keren nih.

Partai Gelora  bang @Fahrihamzah dukung penuh Bobby-Aulia maju sbg pemimpin Medan. ğŸ‘

Kali ini saya padamu bang ğŸ˜
Smâ€¦",Indonesia 
198,wisanggeni_084,in,10/2/2020 2:02,0,62,"RT @Je_Ly: Keren nih.

Partai Gelora  bang @Fahrihamzah dukung penuh Bobby-Aulia maju sbg pemimpin Medan. ğŸ‘

Kali ini saya padamu bang ğŸ˜
Smâ€¦",Kahyangan Daksinapati 
199,Lima8Satu,in,10/2/2020 2:01,47,49,"Jadi mohon maaf kami kalau belum ada ikon selama ini, karena memang fokusnya dalam perawatan jalan-jalan di kota Meâ€¦ https://t.co/ep1199mUXI","Jawa Barat, Indonesia"
200,RinjaniJB,in,10/2/2020 2:01,0,62,"RT @Je_Ly: Keren nih.

Partai Gelora  bang @Fahrihamzah dukung penuh Bobby-Aulia maju sbg pemimpin Medan. ğŸ‘

Kali ini saya padamu bang ğŸ˜
Smâ€¦",Indonesia
201,Lima8Satu,in,10/2/2020 2:01,36,37,"Taman yang dulu begitu Indah sekarang jadi taman Enceng gondok. 
Ckckck

Kita butuh pemimpin yang bisa memelihara dâ€¦ https://t.co/vWP50nzgTF","Jawa Barat, Indonesia"
202,Je_Ly,in,10/2/2020 2:00,65,62,"Keren nih.

Partai Gelora  bang @Fahrihamzah dukung penuh Bobby-Aulia maju sbg pemimpin Medan. ğŸ‘

Kali ini saya padâ€¦ https://t.co/zbFKGiNCMN",Indonesia
203,AlviandraRahmat,in,10/1/2020 17:30,0,85,"RT @P3nj3l4j4h_id: Hal hal begini yang kudu segera diperbaiki di kota medan. 

Karena administrasi yang berbelit belit dan lemot malah menyâ€¦","DKI Jakarta, Indonesia"
204,77bayoe,in,10/1/2020 13:41,0,85,"RT @P3nj3l4j4h_id: Hal hal begini yang kudu segera diperbaiki di kota medan. 

Karena administrasi yang berbelit belit dan lemot malah menyâ€¦",Jakarta Capital Region
205,21Lai21,in,10/1/2020 12:49,0,85,"RT @P3nj3l4j4h_id: Hal hal begini yang kudu segera diperbaiki di kota medan. 

Karena administrasi yang berbelit belit dan lemot malah menyâ€¦","Guddur Village, India"
206,Jon_tr4,in,10/1/2020 11:07,0,85,"RT @P3nj3l4j4h_id: Hal hal begini yang kudu segera diperbaiki di kota medan. 

Karena administrasi yang berbelit belit dan lemot malah menyâ€¦",
207,hemaviton99,in,10/1/2020 11:06,0,85,"RT @P3nj3l4j4h_id: Hal hal begini yang kudu segera diperbaiki di kota medan. 

Karena administrasi yang berbelit belit dan lemot malah menyâ€¦","Negara, Indonesia"
208,haniafiair,in,10/1/2020 10:55,0,85,"RT @P3nj3l4j4h_id: Hal hal begini yang kudu segera diperbaiki di kota medan. 

Karena administrasi yang berbelit belit dan lemot malah menyâ€¦","Lombok Barat, Nusa Tenggara Ba"
209,bekchoy,in,10/1/2020 9:08,0,85,"RT @P3nj3l4j4h_id: Hal hal begini yang kudu segera diperbaiki di kota medan. 

Karena administrasi yang berbelit belit dan lemot malah menyâ€¦",Europe
210,srpsr2,in,10/1/2020 8:39,0,85,"RT @P3nj3l4j4h_id: Hal hal begini yang kudu segera diperbaiki di kota medan. 

Karena administrasi yang berbelit belit dan lemot malah menyâ€¦",
211,AmiiPoerwa,in,10/1/2020 6:20,0,85,"RT @P3nj3l4j4h_id: Hal hal begini yang kudu segera diperbaiki di kota medan. 

Karena administrasi yang berbelit belit dan lemot malah menyâ€¦",
212,Bayuasri4,in,10/1/2020 5:46,0,57,"RT @cak_sys: sebagai calon walikota Medan 
Boby Aulia jg sangat memperhatikan para pelajar demi generasi muda masa depan..
1000 bea siswa bâ€¦",
213,arosokhilasee,in,10/1/2020 5:31,4,0,"Berharap Boby Aulia memenangkan Pemilukada kota Medan, semoga nantinya tdk lagi ada persekusi terhadap Inang2 pemilâ€¦ https://t.co/YKCt93IhBs",ciledug
214,heniunique,in,10/1/2020 5:26,0,85,"RT @P3nj3l4j4h_id: Hal hal begini yang kudu segera diperbaiki di kota medan. 

Karena administrasi yang berbelit belit dan lemot malah menyâ€¦",Indonesia
215,muh_utomo,in,10/1/2020 5:19,0,85,"RT @P3nj3l4j4h_id: Hal hal begini yang kudu segera diperbaiki di kota medan. 

Karena administrasi yang berbelit belit dan lemot malah menyâ€¦",Indonesia
216,RinjaniJB,in,10/1/2020 5:13,0,13,"RT @Je_Ly: Cocok kita bang @Fahrihamzah ğŸ˜
Dukung #BobbyAuliaMedanBerkah

""Kemampuan bicara sdh mereka miliki. Kita pantas memilih Boby-Auliâ€¦",Indonesia
217,RinjaniJB,in,10/1/2020 5:07,0,57,"RT @cak_sys: sebagai calon walikota Medan 
Boby Aulia jg sangat memperhatikan para pelajar demi generasi muda masa depan..
1000 bea siswa bâ€¦",Indonesia
218,ardhy840119,in,10/1/2020 4:45,0,85,"RT @P3nj3l4j4h_id: Hal hal begini yang kudu segera diperbaiki di kota medan. 

Karena administrasi yang berbelit belit dan lemot malah menyâ€¦","Bandung, Jawa Barat"
219,DavidRuslie8,in,10/1/2020 4:33,0,85,"RT @P3nj3l4j4h_id: Hal hal begini yang kudu segera diperbaiki di kota medan. 

Karena administrasi yang berbelit belit dan lemot malah menyâ€¦","Surakarta, Jawa Tengah"
220,DetriPutri2,in,10/1/2020 4:31,0,13,"RT @Je_Ly: Cocok kita bang @Fahrihamzah ğŸ˜
Dukung #BobbyAuliaMedanBerkah

""Kemampuan bicara sdh mereka miliki. Kita pantas memilih Boby-Auliâ€¦",
221,Andini_932,in,10/1/2020 4:19,0,13,"RT @Je_Ly: Cocok kita bang @Fahrihamzah ğŸ˜
Dukung #BobbyAuliaMedanBerkah

""Kemampuan bicara sdh mereka miliki. Kita pantas memilih Boby-Auliâ€¦",
222,gunoto7,in,10/1/2020 4:19,0,85,"RT @P3nj3l4j4h_id: Hal hal begini yang kudu segera diperbaiki di kota medan. 

Karena administrasi yang berbelit belit dan lemot malah menyâ€¦",
223,arjuno_ireng01,in,10/1/2020 4:18,0,57,"RT @cak_sys: sebagai calon walikota Medan 
Boby Aulia jg sangat memperhatikan para pelajar demi generasi muda masa depan..
1000 bea siswa bâ€¦",Indonesia
224,Exodus_____,in,10/1/2020 4:15,0,13,"RT @Je_Ly: Cocok kita bang @Fahrihamzah ğŸ˜
Dukung #BobbyAuliaMedanBerkah

""Kemampuan bicara sdh mereka miliki. Kita pantas memilih Boby-Auliâ€¦",
225,WahabisLokal,in,10/1/2020 4:15,0,85,"RT @P3nj3l4j4h_id: Hal hal begini yang kudu segera diperbaiki di kota medan. 

Karena administrasi yang berbelit belit dan lemot malah menyâ€¦",Indonesia
226,Madun281,in,10/1/2020 4:06,0,85,"RT @P3nj3l4j4h_id: Hal hal begini yang kudu segera diperbaiki di kota medan. 

Karena administrasi yang berbelit belit dan lemot malah menyâ€¦","Pati, Indonesia"
227,RedWineMalbec,in,10/1/2020 4:04,0,57,"RT @cak_sys: sebagai calon walikota Medan 
Boby Aulia jg sangat memperhatikan para pelajar demi generasi muda masa depan..
1000 bea siswa bâ€¦",
228,arjuno_ireng01,in,10/1/2020 4:03,0,85,"RT @P3nj3l4j4h_id: Hal hal begini yang kudu segera diperbaiki di kota medan. 

Karena administrasi yang berbelit belit dan lemot malah menyâ€¦",Indonesia
229,My__Alter,in,10/1/2020 4:02,0,57,"RT @cak_sys: sebagai calon walikota Medan 
Boby Aulia jg sangat memperhatikan para pelajar demi generasi muda masa depan..
1000 bea siswa bâ€¦",
230,AsritaDhara,in,10/1/2020 4:01,0,13,"RT @Je_Ly: Cocok kita bang @Fahrihamzah ğŸ˜
Dukung #BobbyAuliaMedanBerkah

""Kemampuan bicara sdh mereka miliki. Kita pantas memilih Boby-Auliâ€¦",
231,ArtOfpol,in,10/1/2020 4:01,0,34,"RT @KrisnaCurvaNord: kota medan sangat pas di pimpin oleh pemimpin mudah dan santun..
jawabanya jelas dong ada di bang Boby dan Bang Aulia.â€¦",
232,AlapRadesa,in,10/1/2020 4:00,0,13,"RT @Je_Ly: Cocok kita bang @Fahrihamzah ğŸ˜
Dukung #BobbyAuliaMedanBerkah

""Kemampuan bicara sdh mereka miliki. Kita pantas memilih Boby-Auliâ€¦",
233,AIR1318,in,10/1/2020 4:00,0,13,"RT @Je_Ly: Cocok kita bang @Fahrihamzah ğŸ˜
Dukung #BobbyAuliaMedanBerkah

""Kemampuan bicara sdh mereka miliki. Kita pantas memilih Boby-Auliâ€¦",
234,Canden902,in,10/1/2020 3:59,0,13,"RT @Je_Ly: Cocok kita bang @Fahrihamzah ğŸ˜
Dukung #BobbyAuliaMedanBerkah

""Kemampuan bicara sdh mereka miliki. Kita pantas memilih Boby-Auliâ€¦",
235,RiuRizkiUtomo_,in,10/1/2020 3:57,0,34,"RT @KrisnaCurvaNord: kota medan sangat pas di pimpin oleh pemimpin mudah dan santun..
jawabanya jelas dong ada di bang Boby dan Bang Aulia.â€¦",
236,Ratulintang_,in,10/1/2020 3:48,0,13,"RT @Je_Ly: Cocok kita bang @Fahrihamzah ğŸ˜
Dukung #BobbyAuliaMedanBerkah

""Kemampuan bicara sdh mereka miliki. Kita pantas memilih Boby-Auliâ€¦",
237,Jelli_cent,in,10/1/2020 3:47,0,13,"RT @Je_Ly: Cocok kita bang @Fahrihamzah ğŸ˜
Dukung #BobbyAuliaMedanBerkah

""Kemampuan bicara sdh mereka miliki. Kita pantas memilih Boby-Auliâ€¦",
238,LaskarSakti,in,10/1/2020 3:47,0,85,"RT @P3nj3l4j4h_id: Hal hal begini yang kudu segera diperbaiki di kota medan. 

Karena administrasi yang berbelit belit dan lemot malah menyâ€¦",
239,SastroGedek,in,10/1/2020 3:47,0,13,"RT @Je_Ly: Cocok kita bang @Fahrihamzah ğŸ˜
Dukung #BobbyAuliaMedanBerkah

""Kemampuan bicara sdh mereka miliki. Kita pantas memilih Boby-Auliâ€¦",
240,My__Alter,in,10/1/2020 3:46,0,34,"RT @KrisnaCurvaNord: kota medan sangat pas di pimpin oleh pemimpin mudah dan santun..
jawabanya jelas dong ada di bang Boby dan Bang Aulia.â€¦",
241,Je_Ly,in,10/1/2020 3:45,12,13,"Cocok kita bang @Fahrihamzah ğŸ˜
Dukung #BobbyAuliaMedanBerkah

""Kemampuan bicara sdh mereka miliki. Kita pantas memiâ€¦ https://t.co/NGFBQYKe0w",Indonesia
242,kuda_trojan,in,10/1/2020 3:42,0,57,"RT @cak_sys: sebagai calon walikota Medan 
Boby Aulia jg sangat memperhatikan para pelajar demi generasi muda masa depan..
1000 bea siswa bâ€¦","Central Java, Indonesia"
243,Chaterinee_08,in,10/1/2020 3:42,0,85,"RT @P3nj3l4j4h_id: Hal hal begini yang kudu segera diperbaiki di kota medan. 

Karena administrasi yang berbelit belit dan lemot malah menyâ€¦","Tangerang, Banten"
244,cak_sys,in,10/1/2020 3:41,0,34,"RT @KrisnaCurvaNord: kota medan sangat pas di pimpin oleh pemimpin mudah dan santun..
jawabanya jelas dong ada di bang Boby dan Bang Aulia.â€¦","Kota Surabaya, Jawa Timur"
245,kuda_trojan,in,10/1/2020 3:38,0,85,"RT @P3nj3l4j4h_id: Hal hal begini yang kudu segera diperbaiki di kota medan. 

Karena administrasi yang berbelit belit dan lemot malah menyâ€¦","Central Java, Indonesia"
246,Brigade01Arwan1,in,10/1/2020 3:31,0,57,"RT @cak_sys: sebagai calon walikota Medan 
Boby Aulia jg sangat memperhatikan para pelajar demi generasi muda masa depan..
1000 bea siswa bâ€¦","Yogyakarta, Indonesia"
247,AirinAirin_NZ,in,10/1/2020 3:30,0,85,"RT @P3nj3l4j4h_id: Hal hal begini yang kudu segera diperbaiki di kota medan. 

Karena administrasi yang berbelit belit dan lemot malah menyâ€¦","DKI Jakarta, Indonesia"
248,viinzzx,in,10/1/2020 3:27,0,57,"RT @cak_sys: sebagai calon walikota Medan 
Boby Aulia jg sangat memperhatikan para pelajar demi generasi muda masa depan..
1000 bea siswa bâ€¦",Indonesia
249,LaskarSakti,in,10/1/2020 3:24,0,57,"RT @cak_sys: sebagai calon walikota Medan 
Boby Aulia jg sangat memperhatikan para pelajar demi generasi muda masa depan..
1000 bea siswa bâ€¦",
250,materazzi89,in,10/1/2020 3:16,0,57,"RT @cak_sys: sebagai calon walikota Medan 
Boby Aulia jg sangat memperhatikan para pelajar demi generasi muda masa depan..
1000 bea siswa bâ€¦",
251,555masteng,in,10/1/2020 3:16,0,85,"RT @P3nj3l4j4h_id: Hal hal begini yang kudu segera diperbaiki di kota medan. 

Karena administrasi yang berbelit belit dan lemot malah menyâ€¦",
252,LaskarSakti,in,10/1/2020 3:13,0,34,"RT @KrisnaCurvaNord: kota medan sangat pas di pimpin oleh pemimpin mudah dan santun..
jawabanya jelas dong ada di bang Boby dan Bang Aulia.â€¦",
253,bicrosser,in,10/1/2020 3:12,0,0,"@Thea_Moon99 karna bang boby-aulia mantap
#BobbyAuliaMedanBerkah",
254,mannis_boy,in,10/1/2020 3:08,0,57,"RT @cak_sys: sebagai calon walikota Medan 
Boby Aulia jg sangat memperhatikan para pelajar demi generasi muda masa depan..
1000 bea siswa bâ€¦",
255,BiemLugiek,in,10/1/2020 3:08,0,85,"RT @P3nj3l4j4h_id: Hal hal begini yang kudu segera diperbaiki di kota medan. 

Karena administrasi yang berbelit belit dan lemot malah menyâ€¦","Kota Surabaya, Jawa Timur"
256,Alam36583898,in,10/1/2020 3:03,0,57,"RT @cak_sys: sebagai calon walikota Medan 
Boby Aulia jg sangat memperhatikan para pelajar demi generasi muda masa depan..
1000 bea siswa bâ€¦",
257,Ze_sukma,in,10/1/2020 3:03,0,85,"RT @P3nj3l4j4h_id: Hal hal begini yang kudu segera diperbaiki di kota medan. 

Karena administrasi yang berbelit belit dan lemot malah menyâ€¦","Plaju, Palembang Sum-Sel"
258,AthayaHayya,in,10/1/2020 3:02,0,34,"RT @KrisnaCurvaNord: kota medan sangat pas di pimpin oleh pemimpin mudah dan santun..
jawabanya jelas dong ada di bang Boby dan Bang Aulia.â€¦","Yogyakarta, Indonesia"
259,FilzanissaQu,in,10/1/2020 3:02,0,85,"RT @P3nj3l4j4h_id: Hal hal begini yang kudu segera diperbaiki di kota medan. 

Karena administrasi yang berbelit belit dan lemot malah menyâ€¦",
260,DimasPermana817,in,10/1/2020 3:00,0,57,"RT @cak_sys: sebagai calon walikota Medan 
Boby Aulia jg sangat memperhatikan para pelajar demi generasi muda masa depan..
1000 bea siswa bâ€¦",
261,AsritaDhara,in,10/1/2020 2:59,0,34,"RT @KrisnaCurvaNord: kota medan sangat pas di pimpin oleh pemimpin mudah dan santun..
jawabanya jelas dong ada di bang Boby dan Bang Aulia.â€¦",
262,Je_Ly,in,10/1/2020 2:59,0,57,"RT @cak_sys: sebagai calon walikota Medan 
Boby Aulia jg sangat memperhatikan para pelajar demi generasi muda masa depan..
1000 bea siswa bâ€¦",Indonesia
263,catatanhatikaki,in,10/1/2020 2:57,0,34,"RT @KrisnaCurvaNord: kota medan sangat pas di pimpin oleh pemimpin mudah dan santun..
jawabanya jelas dong ada di bang Boby dan Bang Aulia.â€¦",
264,bicrosser,in,10/1/2020 2:57,0,34,"RT @KrisnaCurvaNord: kota medan sangat pas di pimpin oleh pemimpin mudah dan santun..
jawabanya jelas dong ada di bang Boby dan Bang Aulia.â€¦",
265,__GoldenAngel_,in,10/1/2020 2:56,0,34,"RT @KrisnaCurvaNord: kota medan sangat pas di pimpin oleh pemimpin mudah dan santun..
jawabanya jelas dong ada di bang Boby dan Bang Aulia.â€¦",
266,P3nj3l4j4h_id,in,10/1/2020 2:53,0,34,"RT @KrisnaCurvaNord: kota medan sangat pas di pimpin oleh pemimpin mudah dan santun..
jawabanya jelas dong ada di bang Boby dan Bang Aulia.â€¦",Angola
267,bicrosser,in,10/1/2020 2:51,0,57,"RT @cak_sys: sebagai calon walikota Medan 
Boby Aulia jg sangat memperhatikan para pelajar demi generasi muda masa depan..
1000 bea siswa bâ€¦",
268,Exodus_____,in,10/1/2020 2:51,0,85,"RT @P3nj3l4j4h_id: Hal hal begini yang kudu segera diperbaiki di kota medan. 

Karena administrasi yang berbelit belit dan lemot malah menyâ€¦",
269,miliacahyaaa,in,10/1/2020 2:50,0,34,"RT @KrisnaCurvaNord: kota medan sangat pas di pimpin oleh pemimpin mudah dan santun..
jawabanya jelas dong ada di bang Boby dan Bang Aulia.â€¦","Kota Medan, Sumatera Utara"
270,Exodus_____,in,10/1/2020 2:48,0,57,"RT @cak_sys: sebagai calon walikota Medan 
Boby Aulia jg sangat memperhatikan para pelajar demi generasi muda masa depan..
1000 bea siswa bâ€¦",
271,TyaniPuspita,in,10/1/2020 2:48,0,34,"RT @KrisnaCurvaNord: kota medan sangat pas di pimpin oleh pemimpin mudah dan santun..
jawabanya jelas dong ada di bang Boby dan Bang Aulia.â€¦","Cengkareng, Indonesia"
272,FireBirdFeniks,in,10/1/2020 2:48,0,85,"RT @P3nj3l4j4h_id: Hal hal begini yang kudu segera diperbaiki di kota medan. 

Karena administrasi yang berbelit belit dan lemot malah menyâ€¦",
273,AthayaHayya,in,10/1/2020 2:46,0,57,"RT @cak_sys: sebagai calon walikota Medan 
Boby Aulia jg sangat memperhatikan para pelajar demi generasi muda masa depan..
1000 bea siswa bâ€¦","Yogyakarta, Indonesia"
274,Abebishilite,in,10/1/2020 2:46,0,85,"RT @P3nj3l4j4h_id: Hal hal begini yang kudu segera diperbaiki di kota medan. 

Karena administrasi yang berbelit belit dan lemot malah menyâ€¦",
275,febioashari,in,10/1/2020 2:44,0,57,"RT @cak_sys: sebagai calon walikota Medan 
Boby Aulia jg sangat memperhatikan para pelajar demi generasi muda masa depan..
1000 bea siswa bâ€¦",Negeri Tercinta INDONESIA
276,K_nank,in,10/1/2020 2:43,0,85,"RT @P3nj3l4j4h_id: Hal hal begini yang kudu segera diperbaiki di kota medan. 

Karena administrasi yang berbelit belit dan lemot malah menyâ€¦","Central Java, Indonesia"
277,Hanifah933,in,10/1/2020 2:42,0,34,"RT @KrisnaCurvaNord: kota medan sangat pas di pimpin oleh pemimpin mudah dan santun..
jawabanya jelas dong ada di bang Boby dan Bang Aulia.â€¦","DKI Jakarta, Indonesia"
278,pawartosyogya,in,10/1/2020 2:41,0,57,"RT @cak_sys: sebagai calon walikota Medan 
Boby Aulia jg sangat memperhatikan para pelajar demi generasi muda masa depan..
1000 bea siswa bâ€¦","Kota Yogyakarta, Yogyakarta"
279,SastroGedek,in,10/1/2020 2:41,0,34,"RT @KrisnaCurvaNord: kota medan sangat pas di pimpin oleh pemimpin mudah dan santun..
jawabanya jelas dong ada di bang Boby dan Bang Aulia.â€¦",
280,Trychandra1,in,10/1/2020 2:40,0,34,"RT @KrisnaCurvaNord: kota medan sangat pas di pimpin oleh pemimpin mudah dan santun..
jawabanya jelas dong ada di bang Boby dan Bang Aulia.â€¦","Bali, Indonesia"
281,wisanggeni_084,in,10/1/2020 2:40,0,57,"RT @cak_sys: sebagai calon walikota Medan 
Boby Aulia jg sangat memperhatikan para pelajar demi generasi muda masa depan..
1000 bea siswa bâ€¦",Kahyangan Daksinapati 
282,ApriliaLin,in,10/1/2020 2:39,0,57,"RT @cak_sys: sebagai calon walikota Medan 
Boby Aulia jg sangat memperhatikan para pelajar demi generasi muda masa depan..
1000 bea siswa bâ€¦","DKI Jakarta, Indonesia"
283,Deckyalvares,in,10/1/2020 2:38,0,85,"RT @P3nj3l4j4h_id: Hal hal begini yang kudu segera diperbaiki di kota medan. 

Karena administrasi yang berbelit belit dan lemot malah menyâ€¦",ğŸ’Ÿ NKRI
284,AsritaDhara,in,10/1/2020 2:38,0,57,"RT @cak_sys: sebagai calon walikota Medan 
Boby Aulia jg sangat memperhatikan para pelajar demi generasi muda masa depan..
1000 bea siswa bâ€¦",
285,miliacahyaaa,in,10/1/2020 2:38,0,57,"RT @cak_sys: sebagai calon walikota Medan 
Boby Aulia jg sangat memperhatikan para pelajar demi generasi muda masa depan..
1000 bea siswa bâ€¦","Kota Medan, Sumatera Utara"
286,RiriJreeng,in,10/1/2020 2:38,0,57,"RT @cak_sys: sebagai calon walikota Medan 
Boby Aulia jg sangat memperhatikan para pelajar demi generasi muda masa depan..
1000 bea siswa bâ€¦",Lampung#Jawa#Jakarta INA
287,P3nj3l4j4h_id,in,10/1/2020 2:37,0,57,"RT @cak_sys: sebagai calon walikota Medan 
Boby Aulia jg sangat memperhatikan para pelajar demi generasi muda masa depan..
1000 bea siswa bâ€¦",Angola
288,ApriliaLin,in,10/1/2020 2:37,0,85,"RT @P3nj3l4j4h_id: Hal hal begini yang kudu segera diperbaiki di kota medan. 

Karena administrasi yang berbelit belit dan lemot malah menyâ€¦","DKI Jakarta, Indonesia"
289,RiriJreeng,in,10/1/2020 2:37,0,34,"RT @KrisnaCurvaNord: kota medan sangat pas di pimpin oleh pemimpin mudah dan santun..
jawabanya jelas dong ada di bang Boby dan Bang Aulia.â€¦",Lampung#Jawa#Jakarta INA
290,Yubi666,in,10/1/2020 2:36,0,57,"RT @cak_sys: sebagai calon walikota Medan 
Boby Aulia jg sangat memperhatikan para pelajar demi generasi muda masa depan..
1000 bea siswa bâ€¦",United States
291,Hanifah933,in,10/1/2020 2:35,0,57,"RT @cak_sys: sebagai calon walikota Medan 
Boby Aulia jg sangat memperhatikan para pelajar demi generasi muda masa depan..
1000 bea siswa bâ€¦","DKI Jakarta, Indonesia"
292,espresso_kopii,in,10/1/2020 2:34,0,85,"RT @P3nj3l4j4h_id: Hal hal begini yang kudu segera diperbaiki di kota medan. 

Karena administrasi yang berbelit belit dan lemot malah menyâ€¦","Lampung, Indonesia"
293,__GoldenAngel_,in,10/1/2020 2:33,0,85,"RT @P3nj3l4j4h_id: Hal hal begini yang kudu segera diperbaiki di kota medan. 

Karena administrasi yang berbelit belit dan lemot malah menyâ€¦",
294,SastroGedek,in,10/1/2020 2:33,0,85,"RT @P3nj3l4j4h_id: Hal hal begini yang kudu segera diperbaiki di kota medan. 

Karena administrasi yang berbelit belit dan lemot malah menyâ€¦",
295,AIR1318,in,10/1/2020 2:32,0,57,"RT @cak_sys: sebagai calon walikota Medan 
Boby Aulia jg sangat memperhatikan para pelajar demi generasi muda masa depan..
1000 bea siswa bâ€¦",
296,AIR1318,in,10/1/2020 2:32,0,85,"RT @P3nj3l4j4h_id: Hal hal begini yang kudu segera diperbaiki di kota medan. 

Karena administrasi yang berbelit belit dan lemot malah menyâ€¦",
297,Danank902,in,10/1/2020 2:31,0,85,"RT @P3nj3l4j4h_id: Hal hal begini yang kudu segera diperbaiki di kota medan. 

Karena administrasi yang berbelit belit dan lemot malah menyâ€¦",Jakarta
298,tjhinfar21,in,10/1/2020 2:31,0,57,"RT @cak_sys: sebagai calon walikota Medan 
Boby Aulia jg sangat memperhatikan para pelajar demi generasi muda masa depan..
1000 bea siswa bâ€¦",
299,Yubi666,in,10/1/2020 2:28,0,34,"RT @KrisnaCurvaNord: kota medan sangat pas di pimpin oleh pemimpin mudah dan santun..
jawabanya jelas dong ada di bang Boby dan Bang Aulia.â€¦",United States
300,DetriPutri2,in,10/1/2020 2:28,0,34,"RT @KrisnaCurvaNord: kota medan sangat pas di pimpin oleh pemimpin mudah dan santun..
jawabanya jelas dong ada di bang Boby dan Bang Aulia.â€¦",
301,febioashari,in,10/1/2020 2:27,0,34,"RT @KrisnaCurvaNord: kota medan sangat pas di pimpin oleh pemimpin mudah dan santun..
jawabanya jelas dong ada di bang Boby dan Bang Aulia.â€¦",Negeri Tercinta INDONESIA
302,IswantoBagaskar,in,10/1/2020 2:27,0,57,"RT @cak_sys: sebagai calon walikota Medan 
Boby Aulia jg sangat memperhatikan para pelajar demi generasi muda masa depan..
1000 bea siswa bâ€¦","DKI Jakarta, Indonesia"
303,AsritaDhara,in,10/1/2020 2:27,0,85,"RT @P3nj3l4j4h_id: Hal hal begini yang kudu segera diperbaiki di kota medan. 

Karena administrasi yang berbelit belit dan lemot malah menyâ€¦",
304,febioashari,in,10/1/2020 2:26,0,85,"RT @P3nj3l4j4h_id: Hal hal begini yang kudu segera diperbaiki di kota medan. 

Karena administrasi yang berbelit belit dan lemot malah menyâ€¦",Negeri Tercinta INDONESIA
305,bicrosser,in,10/1/2020 2:26,0,85,"RT @P3nj3l4j4h_id: Hal hal begini yang kudu segera diperbaiki di kota medan. 

Karena administrasi yang berbelit belit dan lemot malah menyâ€¦",
306,jr_kw19,in,10/1/2020 2:25,0,85,"RT @P3nj3l4j4h_id: Hal hal begini yang kudu segera diperbaiki di kota medan. 

Karena administrasi yang berbelit belit dan lemot malah menyâ€¦",Indonesia
307,NayDwiyana,in,10/1/2020 2:25,0,57,"RT @cak_sys: sebagai calon walikota Medan 
Boby Aulia jg sangat memperhatikan para pelajar demi generasi muda masa depan..
1000 bea siswa bâ€¦",
308,FireBirdFeniks,in,10/1/2020 2:24,0,57,"RT @cak_sys: sebagai calon walikota Medan 
Boby Aulia jg sangat memperhatikan para pelajar demi generasi muda masa depan..
1000 bea siswa bâ€¦",
309,RiuRizkiUtomo_,in,10/1/2020 2:24,0,57,"RT @cak_sys: sebagai calon walikota Medan 
Boby Aulia jg sangat memperhatikan para pelajar demi generasi muda masa depan..
1000 bea siswa bâ€¦",
310,humairaindra,in,10/1/2020 2:23,0,57,"RT @cak_sys: sebagai calon walikota Medan 
Boby Aulia jg sangat memperhatikan para pelajar demi generasi muda masa depan..
1000 bea siswa bâ€¦",di rumah
311,IswantoBagaskar,in,10/1/2020 2:23,0,34,"RT @KrisnaCurvaNord: kota medan sangat pas di pimpin oleh pemimpin mudah dan santun..
jawabanya jelas dong ada di bang Boby dan Bang Aulia.â€¦","DKI Jakarta, Indonesia"
312,Widyarenee,in,10/1/2020 2:23,0,1,"RT @KrisnaCurvaNord: @espresso_kopii @ABSetyono keren banget bang Boby - bang Aulia
#BobbyAuliaMedanBerkah",Blossomville.. ğŸŒ¹ğŸŒ¸ğŸŒ»ğŸŒºğŸğŸŒµ
313,13Rantau,in,10/1/2020 2:23,0,57,"RT @cak_sys: sebagai calon walikota Medan 
Boby Aulia jg sangat memperhatikan para pelajar demi generasi muda masa depan..
1000 bea siswa bâ€¦",
314,Mahadewi68,in,10/1/2020 2:23,0,34,"RT @KrisnaCurvaNord: kota medan sangat pas di pimpin oleh pemimpin mudah dan santun..
jawabanya jelas dong ada di bang Boby dan Bang Aulia.â€¦",Bhinneka Tunggal Ika
315,KrisnaCurvaNord,in,10/1/2020 2:23,0,1,"@espresso_kopii @ABSetyono keren banget bang Boby - bang Aulia
#BobbyAuliaMedanBerkah",Moxeristi
316,Mahadewi68,in,10/1/2020 2:23,0,85,"RT @P3nj3l4j4h_id: Hal hal begini yang kudu segera diperbaiki di kota medan. 

Karena administrasi yang berbelit belit dan lemot malah menyâ€¦",Bhinneka Tunggal Ika
317,viinzzx,in,10/1/2020 2:21,0,34,"RT @KrisnaCurvaNord: kota medan sangat pas di pimpin oleh pemimpin mudah dan santun..
jawabanya jelas dong ada di bang Boby dan Bang Aulia.â€¦",Indonesia
318,tjhinfar21,in,10/1/2020 2:21,0,34,"RT @KrisnaCurvaNord: kota medan sangat pas di pimpin oleh pemimpin mudah dan santun..
jawabanya jelas dong ada di bang Boby dan Bang Aulia.â€¦",
319,Trychandra1,in,10/1/2020 2:20,0,85,"RT @P3nj3l4j4h_id: Hal hal begini yang kudu segera diperbaiki di kota medan. 

Karena administrasi yang berbelit belit dan lemot malah menyâ€¦","Bali, Indonesia"
320,GalehJati5,in,10/1/2020 2:19,0,34,"RT @KrisnaCurvaNord: kota medan sangat pas di pimpin oleh pemimpin mudah dan santun..
jawabanya jelas dong ada di bang Boby dan Bang Aulia.â€¦","Yogyakarta, Indonesia"
321,ana_NFN,in,10/1/2020 2:18,0,34,"RT @KrisnaCurvaNord: kota medan sangat pas di pimpin oleh pemimpin mudah dan santun..
jawabanya jelas dong ada di bang Boby dan Bang Aulia.â€¦",
322,pawartosyogya,in,10/1/2020 2:17,0,85,"RT @P3nj3l4j4h_id: Hal hal begini yang kudu segera diperbaiki di kota medan. 

Karena administrasi yang berbelit belit dan lemot malah menyâ€¦","Kota Yogyakarta, Yogyakarta"
323,Laskarpiningit1,in,10/1/2020 2:17,0,34,"RT @KrisnaCurvaNord: kota medan sangat pas di pimpin oleh pemimpin mudah dan santun..
jawabanya jelas dong ada di bang Boby dan Bang Aulia.â€¦",Indonesia
324,ayupuspawati12,in,10/1/2020 2:17,0,85,"RT @P3nj3l4j4h_id: Hal hal begini yang kudu segera diperbaiki di kota medan. 

Karena administrasi yang berbelit belit dan lemot malah menyâ€¦","DKI Jakarta, Indonesia"
325,KrisnaCurvaNord,tl,10/1/2020 2:17,0,0,"@wisanggeni_084 horaas bang boby - aulia
#BobbyAuliaMedanBerkah",Moxeristi
326,Cigarilos5,in,10/1/2020 2:17,0,34,"RT @KrisnaCurvaNord: kota medan sangat pas di pimpin oleh pemimpin mudah dan santun..
jawabanya jelas dong ada di bang Boby dan Bang Aulia.â€¦","Denpasar Selatan, Indonesia"
327,FireBirdFeniks,in,10/1/2020 2:16,0,34,"RT @KrisnaCurvaNord: kota medan sangat pas di pimpin oleh pemimpin mudah dan santun..
jawabanya jelas dong ada di bang Boby dan Bang Aulia.â€¦",
328,OrangBia5a_,in,10/1/2020 2:16,0,34,"RT @KrisnaCurvaNord: kota medan sangat pas di pimpin oleh pemimpin mudah dan santun..
jawabanya jelas dong ada di bang Boby dan Bang Aulia.â€¦",
329,acnewbie,in,10/1/2020 2:16,0,34,"RT @KrisnaCurvaNord: kota medan sangat pas di pimpin oleh pemimpin mudah dan santun..
jawabanya jelas dong ada di bang Boby dan Bang Aulia.â€¦","DKI Jakarta, Indonesia"
330,miliacahyaaa,in,10/1/2020 2:15,0,85,"RT @P3nj3l4j4h_id: Hal hal begini yang kudu segera diperbaiki di kota medan. 

Karena administrasi yang berbelit belit dan lemot malah menyâ€¦","Kota Medan, Sumatera Utara"
331,OrangBia5a_,in,10/1/2020 2:14,0,57,"RT @cak_sys: sebagai calon walikota Medan 
Boby Aulia jg sangat memperhatikan para pelajar demi generasi muda masa depan..
1000 bea siswa bâ€¦",
332,al_k4tiri,in,10/1/2020 2:14,0,85,"RT @P3nj3l4j4h_id: Hal hal begini yang kudu segera diperbaiki di kota medan. 

Karena administrasi yang berbelit belit dan lemot malah menyâ€¦",indonesia
333,me_zhu__Yusra,in,10/1/2020 2:13,0,85,"RT @P3nj3l4j4h_id: Hal hal begini yang kudu segera diperbaiki di kota medan. 

Karena administrasi yang berbelit belit dan lemot malah menyâ€¦","indonesia, jakarta"
334,achzam_prabu,in,10/1/2020 2:13,0,85,"RT @P3nj3l4j4h_id: Hal hal begini yang kudu segera diperbaiki di kota medan. 

Karena administrasi yang berbelit belit dan lemot malah menyâ€¦",Lembah Damai Indonesia ğŸ‡®ğŸ‡©
335,Je_Ly,in,10/1/2020 2:13,0,85,"RT @P3nj3l4j4h_id: Hal hal begini yang kudu segera diperbaiki di kota medan. 

Karena administrasi yang berbelit belit dan lemot malah menyâ€¦",Indonesia
336,acnewbie,in,10/1/2020 2:13,0,57,"RT @cak_sys: sebagai calon walikota Medan 
Boby Aulia jg sangat memperhatikan para pelajar demi generasi muda masa depan..
1000 bea siswa bâ€¦","DKI Jakarta, Indonesia"
337,TyaniPuspita,in,10/1/2020 2:12,0,57,"RT @cak_sys: sebagai calon walikota Medan 
Boby Aulia jg sangat memperhatikan para pelajar demi generasi muda masa depan..
1000 bea siswa bâ€¦","Cengkareng, Indonesia"
338,TyaniPuspita,in,10/1/2020 2:12,0,85,"RT @P3nj3l4j4h_id: Hal hal begini yang kudu segera diperbaiki di kota medan. 

Karena administrasi yang berbelit belit dan lemot malah menyâ€¦","Cengkareng, Indonesia"
339,Thea_Moon99,in,10/1/2020 2:12,0,85,"RT @P3nj3l4j4h_id: Hal hal begini yang kudu segera diperbaiki di kota medan. 

Karena administrasi yang berbelit belit dan lemot malah menyâ€¦",Indonesia Tercinta
340,Laskarpiningit1,in,10/1/2020 2:12,0,57,"RT @cak_sys: sebagai calon walikota Medan 
Boby Aulia jg sangat memperhatikan para pelajar demi generasi muda masa depan..
1000 bea siswa bâ€¦",Indonesia
341,cak_sys,in,10/1/2020 2:11,0,0,@nta_ndaaa mantap dukung boby aulia,"Kota Surabaya, Jawa Timur"
342,Lima8Satu,in,10/1/2020 2:11,0,34,"RT @KrisnaCurvaNord: kota medan sangat pas di pimpin oleh pemimpin mudah dan santun..
jawabanya jelas dong ada di bang Boby dan Bang Aulia.â€¦","Jawa Barat, Indonesia"
343,KrisnaCurvaNord,in,10/1/2020 2:11,0,0,@Thea_Moon99 hehhehe gaskan untuk bang boby - aulia,Moxeristi
344,Thea_Moon99,in,10/1/2020 2:10,0,57,"RT @cak_sys: sebagai calon walikota Medan 
Boby Aulia jg sangat memperhatikan para pelajar demi generasi muda masa depan..
1000 bea siswa bâ€¦",Indonesia Tercinta
345,GalehJati5,in,10/1/2020 2:10,0,57,"RT @cak_sys: sebagai calon walikota Medan 
Boby Aulia jg sangat memperhatikan para pelajar demi generasi muda masa depan..
1000 bea siswa bâ€¦","Yogyakarta, Indonesia"
346,owengerrad88,in,10/1/2020 2:09,0,85,"RT @P3nj3l4j4h_id: Hal hal begini yang kudu segera diperbaiki di kota medan. 

Karena administrasi yang berbelit belit dan lemot malah menyâ€¦",Jakarta Capital Region
347,Trychandra1,in,10/1/2020 2:09,0,57,"RT @cak_sys: sebagai calon walikota Medan 
Boby Aulia jg sangat memperhatikan para pelajar demi generasi muda masa depan..
1000 bea siswa bâ€¦","Bali, Indonesia"
348,envelopeelida,in,10/1/2020 2:08,0,57,"RT @cak_sys: sebagai calon walikota Medan 
Boby Aulia jg sangat memperhatikan para pelajar demi generasi muda masa depan..
1000 bea siswa bâ€¦",
349,KrisnaCurvaNord,in,10/1/2020 2:08,0,85,"RT @P3nj3l4j4h_id: Hal hal begini yang kudu segera diperbaiki di kota medan. 

Karena administrasi yang berbelit belit dan lemot malah menyâ€¦",Moxeristi
350,Lima8Satu,in,10/1/2020 2:08,0,85,"RT @P3nj3l4j4h_id: Hal hal begini yang kudu segera diperbaiki di kota medan. 

Karena administrasi yang berbelit belit dan lemot malah menyâ€¦","Jawa Barat, Indonesia"
351,AlapRadesa,in,10/1/2020 2:08,0,57,"RT @cak_sys: sebagai calon walikota Medan 
Boby Aulia jg sangat memperhatikan para pelajar demi generasi muda masa depan..
1000 bea siswa bâ€¦",
352,RiuRizkiUtomo_,in,10/1/2020 2:08,0,85,"RT @P3nj3l4j4h_id: Hal hal begini yang kudu segera diperbaiki di kota medan. 

Karena administrasi yang berbelit belit dan lemot malah menyâ€¦",
353,IswantoBagaskar,in,10/1/2020 2:07,0,85,"RT @P3nj3l4j4h_id: Hal hal begini yang kudu segera diperbaiki di kota medan. 

Karena administrasi yang berbelit belit dan lemot malah menyâ€¦","DKI Jakarta, Indonesia"
354,cak_sys,in,10/1/2020 2:07,0,85,"RT @P3nj3l4j4h_id: Hal hal begini yang kudu segera diperbaiki di kota medan. 

Karena administrasi yang berbelit belit dan lemot malah menyâ€¦","Kota Surabaya, Jawa Timur"
355,ayupuspawati12,in,10/1/2020 2:07,0,57,"RT @cak_sys: sebagai calon walikota Medan 
Boby Aulia jg sangat memperhatikan para pelajar demi generasi muda masa depan..
1000 bea siswa bâ€¦","DKI Jakarta, Indonesia"
356,Cigarilos5,in,10/1/2020 2:07,0,57,"RT @cak_sys: sebagai calon walikota Medan 
Boby Aulia jg sangat memperhatikan para pelajar demi generasi muda masa depan..
1000 bea siswa bâ€¦","Denpasar Selatan, Indonesia"
357,viinzzx,in,10/1/2020 2:06,0,85,"RT @P3nj3l4j4h_id: Hal hal begini yang kudu segera diperbaiki di kota medan. 

Karena administrasi yang berbelit belit dan lemot malah menyâ€¦",Indonesia
358,AthayaHayya,in,10/1/2020 2:06,0,85,"RT @P3nj3l4j4h_id: Hal hal begini yang kudu segera diperbaiki di kota medan. 

Karena administrasi yang berbelit belit dan lemot malah menyâ€¦","Yogyakarta, Indonesia"
359,acnewbie,in,10/1/2020 2:06,0,85,"RT @P3nj3l4j4h_id: Hal hal begini yang kudu segera diperbaiki di kota medan. 

Karena administrasi yang berbelit belit dan lemot malah menyâ€¦","DKI Jakarta, Indonesia"
360,OrangBia5a_,in,10/1/2020 2:06,0,85,"RT @P3nj3l4j4h_id: Hal hal begini yang kudu segera diperbaiki di kota medan. 

Karena administrasi yang berbelit belit dan lemot malah menyâ€¦",
361,KrisnaCurvaNord,in,10/1/2020 2:06,0,0,@jenk__kelin sukses selalu bang Boby - Bang Aulia,Moxeristi
362,Widyarenee,in,10/1/2020 2:06,0,85,"RT @P3nj3l4j4h_id: Hal hal begini yang kudu segera diperbaiki di kota medan. 

Karena administrasi yang berbelit belit dan lemot malah menyâ€¦",Blossomville.. ğŸŒ¹ğŸŒ¸ğŸŒ»ğŸŒºğŸğŸŒµ
363,SastroGedek,in,10/1/2020 2:05,0,57,"RT @cak_sys: sebagai calon walikota Medan 
Boby Aulia jg sangat memperhatikan para pelajar demi generasi muda masa depan..
1000 bea siswa bâ€¦",
364,KrisnaCurvaNord,in,10/1/2020 2:05,0,0,@viinzzx betul banget.. medan butuh Boby - Aulia,Moxeristi
365,RinjaniJB,in,10/1/2020 2:05,0,85,"RT @P3nj3l4j4h_id: Hal hal begini yang kudu segera diperbaiki di kota medan. 

Karena administrasi yang berbelit belit dan lemot malah menyâ€¦",Indonesia
366,Jelli_cent,in,10/1/2020 2:05,0,57,"RT @cak_sys: sebagai calon walikota Medan 
Boby Aulia jg sangat memperhatikan para pelajar demi generasi muda masa depan..
1000 bea siswa bâ€¦",
367,tjhinfar21,in,10/1/2020 2:05,0,85,"RT @P3nj3l4j4h_id: Hal hal begini yang kudu segera diperbaiki di kota medan. 

Karena administrasi yang berbelit belit dan lemot malah menyâ€¦",
368,Cigarilos5,in,10/1/2020 2:05,0,85,"RT @P3nj3l4j4h_id: Hal hal begini yang kudu segera diperbaiki di kota medan. 

Karena administrasi yang berbelit belit dan lemot malah menyâ€¦","Denpasar Selatan, Indonesia"
369,AlapRadesa,in,10/1/2020 2:05,0,85,"RT @P3nj3l4j4h_id: Hal hal begini yang kudu segera diperbaiki di kota medan. 

Karena administrasi yang berbelit belit dan lemot malah menyâ€¦",
370,Ratulintang_,in,10/1/2020 2:05,0,85,"RT @P3nj3l4j4h_id: Hal hal begini yang kudu segera diperbaiki di kota medan. 

Karena administrasi yang berbelit belit dan lemot malah menyâ€¦",
371,KrisnaCurvaNord,in,10/1/2020 2:04,0,0,@_ndaaaaaaa_ dukung penuh boby aulia,Moxeristi
372,RiriJreeng,in,10/1/2020 2:04,0,85,"RT @P3nj3l4j4h_id: Hal hal begini yang kudu segera diperbaiki di kota medan. 

Karena administrasi yang berbelit belit dan lemot malah menyâ€¦",Lampung#Jawa#Jakarta INA
373,Laskarpiningit1,in,10/1/2020 2:04,0,85,"RT @P3nj3l4j4h_id: Hal hal begini yang kudu segera diperbaiki di kota medan. 

Karena administrasi yang berbelit belit dan lemot malah menyâ€¦",Indonesia
374,Yubi666,in,10/1/2020 2:04,0,85,"RT @P3nj3l4j4h_id: Hal hal begini yang kudu segera diperbaiki di kota medan. 

Karena administrasi yang berbelit belit dan lemot malah menyâ€¦",United States
375,Ratulintang_,in,10/1/2020 2:04,0,34,"RT @KrisnaCurvaNord: kota medan sangat pas di pimpin oleh pemimpin mudah dan santun..
jawabanya jelas dong ada di bang Boby dan Bang Aulia.â€¦",
376,GalehJati5,in,10/1/2020 2:04,0,85,"RT @P3nj3l4j4h_id: Hal hal begini yang kudu segera diperbaiki di kota medan. 

Karena administrasi yang berbelit belit dan lemot malah menyâ€¦","Yogyakarta, Indonesia"
377,Jelli_cent,in,10/1/2020 2:04,0,85,"RT @P3nj3l4j4h_id: Hal hal begini yang kudu segera diperbaiki di kota medan. 

Karena administrasi yang berbelit belit dan lemot malah menyâ€¦",
378,Hanifah933,in,10/1/2020 2:04,0,85,"RT @P3nj3l4j4h_id: Hal hal begini yang kudu segera diperbaiki di kota medan. 

Karena administrasi yang berbelit belit dan lemot malah menyâ€¦","DKI Jakarta, Indonesia"
379,Ratulintang_,in,10/1/2020 2:04,0,57,"RT @cak_sys: sebagai calon walikota Medan 
Boby Aulia jg sangat memperhatikan para pelajar demi generasi muda masa depan..
1000 bea siswa bâ€¦",
380,KrisnaCurvaNord,in,10/1/2020 2:03,33,34,"kota medan sangat pas di pimpin oleh pemimpin mudah dan santun..
jawabanya jelas dong ada di bang Boby dan Bang Aulâ€¦ https://t.co/dzhT4RVdLP",Moxeristi
381,wisanggeni_084,in,10/1/2020 2:02,0,85,"RT @P3nj3l4j4h_id: Hal hal begini yang kudu segera diperbaiki di kota medan. 

Karena administrasi yang berbelit belit dan lemot malah menyâ€¦",Kahyangan Daksinapati 
382,lilis_suryani30,in,10/1/2020 2:02,0,57,"RT @cak_sys: sebagai calon walikota Medan 
Boby Aulia jg sangat memperhatikan para pelajar demi generasi muda masa depan..
1000 bea siswa bâ€¦",ğŸ‡®ğŸ‡©
383,HarisSekipi87,in,10/1/2020 2:02,0,85,"RT @P3nj3l4j4h_id: Hal hal begini yang kudu segera diperbaiki di kota medan. 

Karena administrasi yang berbelit belit dan lemot malah menyâ€¦",
384,Lima8Satu,in,10/1/2020 2:02,0,57,"RT @cak_sys: sebagai calon walikota Medan 
Boby Aulia jg sangat memperhatikan para pelajar demi generasi muda masa depan..
1000 bea siswa bâ€¦","Jawa Barat, Indonesia"
385,NayDwiyana,in,10/1/2020 2:01,0,85,"RT @P3nj3l4j4h_id: Hal hal begini yang kudu segera diperbaiki di kota medan. 

Karena administrasi yang berbelit belit dan lemot malah menyâ€¦",
386,cak_sys,in,10/1/2020 2:01,54,57,"sebagai calon walikota Medan 
Boby Aulia jg sangat memperhatikan para pelajar demi generasi muda masa depan..
1000â€¦ https://t.co/LgWGyEiDkD","Kota Surabaya, Jawa Timur"
387,Kumis_Separoh,in,10/1/2020 2:00,0,85,"RT @P3nj3l4j4h_id: Hal hal begini yang kudu segera diperbaiki di kota medan. 

Karena administrasi yang berbelit belit dan lemot malah menyâ€¦",Indonesia
388,P3nj3l4j4h_id,in,10/1/2020 2:00,133,85,"Hal hal begini yang kudu segera diperbaiki di kota medan. 

Karena administrasi yang berbelit belit dan lemot malahâ€¦ https://t.co/nY1iXxfIDD",Angola
389,KISSHotInfo,in,9/28/2020 5:07,0,0,Ketua Bawaslu Kota Medan Payung Harahap mengatakan adapun pelanggaran protokol kesehatan yg terjadi seperti tdak meâ€¦ https://t.co/aYXvr9bICL,Radio KISS FM Medan
